APP	SORL1	0.025
APP	A2M	0.111111111
APP	APBB2	0.111111111
APP	NOS3	0.044444444
APP	BLMH	0.136111111
APP	PAXIP1	0.022222222
APP	MT-ND1	0.028571429
APP	PSEN2	0.247619048
APP	PSEN1	0.446428571
APP	BACE1	0.566666667
APP	GSK3B	0.265873016
APP	MAPT	0.158730159
APP	SNCA	0.171666667
APP	LRP1	0.066666667
APP	APBB1	0.133333333
APP	APOE	0.111111111
APP	HSD17B10	0.111111111
APP	CDK5R1	0.097222222
APP	IDE	0.119444444
APP	NCSTN	0.088888889
APP	SERPINA3	0.306666667
APP	CASP3	0.066666667
APP	BACE2	0.094444444
APP	CTSD	0.066666667
APP	DPYSL2	0.275
APP	SNCB	0.116666667
APP	UBB	0.044444444
APP	BPTF	0.05
APP	GSK3A	0.05
APP	GAPDH	0.178888889
APP	CDK5	0.066666667
APP	APLP2	0.244444444
APP	ITM2B	0.044444444
APP	CTSB	0.022222222
APP	APBA1	0.088888889
APP	APBA2	0.311111111
APP	PRNP	0.134444444
APP	PITRM1	0.244444444
APP	CLSTN1	0.094444444
APP	PLD3	0.05
APP	GRIN2C	0.05
APP	MT3	0.04
APP	VLDLR	0.05
APP	ACHE	0.111111111
APP	DYRK1A	0.072222222
APP	RCAN1	0.022222222
APP	TFCP2	0.025
APP	S100B	0.05
APP	ADAM17	0.044444444
APP	TM2D1	0.066666667
APP	NOS1	0.05
APP	SLC6A4	0.05
APP	PIN1	0.066666667
APP	CASP8	0.138888889
APP	BDNF	0.137222222
APP	MAPK3	0.025
APP	GRIN1	0.05
APP	CD40	0.05
APP	SQSTM1	0.025
APP	CLU	0.146666667
APP	EIF2AK2	0.05
APP	TNFRSF1A	0.025
APP	APLP1	0.044444444
APP	NRGN	0.225
APP	DNM1L	0.025
APP	MEOX2	0.025
APP	CASP2	0.025
APP	UBQLN1	0.094444444
APP	CYCS	0.075
APP	APBA3	0.155555556
APP	GFAP	0.141666667
APP	MAP2	0.222222222
APP	NGFR	0.066666667
APP	CALM3	0.075
APP	CHRNA7	0.069444444
APP	MARK4	0.05
APP	MARK1	0.25
APP	FRMD4A	0.1
APP	SEMA3A	0.05
APP	FAS	0.225
APP	GPC1	0.319444444
APP	PTGS2	0.065
APP	CASP7	0.075
APP	PADI2	0.05
APP	CSNK1D	0.022222222
APP	ITPR1	0.25
APP	LPL	0.047222222
APP	RYR3	0.05
APP	DKK1	0.025
APP	COX4I1	0.022222222
APP	PLCB1	0.05
APP	CALML5	0.05
APP	GSAP	0.044444444
APP	NAE1	0.111111111
APP	COL25A1	0.066666667
APP	IL1B	0.022222222
APP	AGER	0.022222222
APP	CAT	0.066666667
APP	REG1A	0.022222222
APP	APBB3	0.111111111
APP	TARDBP	0.022222222
APP	VPS26A	0.05
APP	STMN2	0.25
APP	TTR	0.218888889
APP	DLST	0.025
APP	TNFRSF21	0.316666667
APP	SLC39A1	0.25
APP	SOD1	0.09
APP	SNCG	0.05
APP	CR1	0.05
APP	SERPINI1	0.25
APP	MAPK8	0.288888889
SORL1	VLDLR	0.225
SORL1	TFCP2	0.075
SORL1	TM2D1	0.1
SORL1	TMED10	0.05
SORL1	TTR	0.025
SORL1	TNFRSF21	0.05
SORL1	UCHL1	0.075
SORL1	VSNL1	0.1
A2M	NOS3	0.044444444
A2M	ACE	0.028571429
A2M	PAXIP1	0.044444444
A2M	PSEN1	0.053571429
A2M	BACE1	0.153571429
A2M	GSK3B	0.053571429
A2M	MAPT	0.028571429
A2M	LRP1	0.088888889
A2M	APOE	0.173333333
A2M	SERPINA3	0.04
A2M	CASP3	0.05
A2M	CDK5	0.025
A2M	APLP2	0.04
A2M	CTSB	0.066666667
A2M	APBA2	0.025
A2M	PLD3	0.025
A2M	MT3	0.04
A2M	NGF	0.111111111
A2M	TM2D1	0.025
A2M	GDNF	0.025
A2M	CASP8	0.05
A2M	CLU	0.04
A2M	CASP9	0.025
A2M	APLP1	0.04
A2M	ABCA1	0.075
A2M	APBA3	0.025
A2M	ECE2	0.025
A2M	NGFR	0.025
A2M	FRMD4A	0.05
A2M	PTGS2	0.075
A2M	ITPR1	0.05
A2M	ADAM19	0.091666667
A2M	IL1B	0.066666667
A2M	TTR	0.084444444
A2M	SOD1	0.04
A2M	UCHL1	0.025
APBB2	PSEN1	0.275
APBB2	BACE1	0.15
APBB2	GSK3B	0.1
APBB2	LRP1	0.075
APBB2	APOE	0.075
APBB2	HSD17B10	0.1
APBB2	CDK5R1	0.1
APBB2	IDE	0.275
APBB2	NCSTN	0.075
APBB2	CASP3	0.1
APBB2	BACE2	0.075
APBB2	DHCR24	0.05
APBB2	DPYSL2	0.075
APBB2	UBB	0.275
APBB2	BCHE	0.075
APBB2	GAPDH	0.05
APBB2	APLP2	0.075
APBB2	MME	0.075
APBB2	ITM2B	0.1
APBB2	CTSB	0.075
APBB2	PRNP	0.05
APBB2	PITRM1	0.075
APBB2	CLSTN1	0.075
APBB2	DBN1	0.075
APBB2	COX5A	0.05
APBB2	PLD3	0.1
APBB2	GRIN2C	0.075
APBB2	VLDLR	0.05
APBB2	DYRK1A	0.1
APBB2	RCAN1	0.05
APBB2	TFCP2	0.1
APBB2	S100B	0.075
APBB2	TM2D1	0.075
APBB2	MAPK1	0.025
APBB2	SLC6A4	0.075
APBB2	PICALM	0.275
APBB2	GDNF	0.075
APBB2	CASP8	0.1
APBB2	BDNF	0.075
APBB2	CIB1	0.075
APBB2	MAPK3	0.075
APBB2	GRIN1	0.075
APBB2	CD40	0.1
APBB2	SQSTM1	0.025
APBB2	MSR1	0.275
APBB2	EIF2AK2	0.1
APBB2	TNFRSF1A	0.05
APBB2	CASP9	0.075
APBB2	NRGN	0.075
APBB2	RTN4	0.125
APBB2	DNM1L	0.05
APBB2	MEOX2	0.1
APBB2	CASP2	0.225
APBB2	UBQLN1	0.3
APBB2	CYCS	0.05
APBB2	GLRX	0.1
APBB2	TMED10	0.05
APBB2	ECE2	0.25
APBB2	GFAP	0.025
APBB2	DNMBP	0.1
APBB2	APH1B	0.075
APBB2	MAP2	0.05
APBB2	GRN	0.075
APBB2	CALM3	0.075
APBB2	CHRNA7	0.075
APBB2	MARK4	0.05
APBB2	MARK1	0.2
APBB2	FRMD4A	0.075
APBB2	SEMA3A	0.075
APBB2	FAS	0.05
APBB2	SORCS3	0.275
APBB2	GPC1	0.05
APBB2	PTGS2	0.1
APBB2	CASP7	0.05
APBB2	PADI2	0.025
APBB2	CSNK1D	0.075
APBB2	CST3	0.075
APBB2	ITPR1	0.3
APBB2	RYR3	0.075
APBB2	CAPN1	0.025
APBB2	ITPR3	0.075
APBB2	EIF2AK3	0.075
APBB2	PLCB1	0.1
APBB2	CALML5	0.075
APBB2	ERN1	0.075
APBB2	VPS26A	0.05
APBB2	TTR	0.025
APBB2	TNFRSF21	0.25
APBB2	SOD1	0.05
APBB2	CR1	0.075
APBB2	VSNL1	0.25
APBB2	RTN3	0.025
NOS3	PLAU	0.028571429
NOS3	PAXIP1	0.022222222
NOS3	PSEN2	0.050793651
NOS3	PSEN1	0.028571429
NOS3	APOE	0.044444444
NOS3	BDNF	0.066666667
PLAU	PSEN2	0.028571429
PLAU	PSEN1	0.028571429
PLAU	CTSB	0.044444444
PLAU	TNF	0.025
PLAU	SEMA3A	0.025
PLAU	RYR3	0.075
PLAU	TARDBP	0.025
PLAU	TTBK1	0.025
BLMH	LRP1	0.05
BLMH	CDK5R1	0.125
BLMH	IDE	0.025
BLMH	CASP3	0.275
BLMH	DPYSL2	0.075
BLMH	RCAN1	0.075
BLMH	NOS1	0.05
BLMH	CASP8	0.025
BLMH	GRN	0.05
BLMH	CALM3	0.025
BLMH	FRMD4A	0.05
BLMH	CASP7	0.025
BLMH	DKK1	0.025
BLMH	PLCB1	0.05
BLMH	ERN1	0.05
BLMH	TARDBP	0.05
BLMH	SNCG	0.05
BLMH	CR1	0.2
BLMH	MAPK8	0.05
BLMH	OGT	0.05
ACE	PSEN2	0.028571429
ACE	PSEN1	0.028571429
ACE	BACE1	0.028571429
ACE	ADAM10	0.025
ACE	MAPK1	0.075
ACE	BDNF	0.05
ACE	TNFRSF1A	0.05
ACE	CYCS	0.025
ACE	ECE2	0.025
ACE	CALM3	0.075
ACE	FAS	0.025
ACE	PADI2	0.025
ACE	CAPN1	0.05
ACE	RTN3	0.025
PAXIP1	MT-ND1	0.022222222
PAXIP1	CLU	0.022222222
PAXIP1	TARDBP	0.022222222
MT-ND1	PSEN1	0.028571429
PSEN2	NCSTN	0.088888889
PSEN2	PSENEN	0.088888889
PSEN2	DOCK3	0.044444444
PSEN2	APH1A	0.088888889
PSEN2	APBA1	0.044444444
PSEN2	APBA2	0.044444444
PSEN2	KCNIP3	0.088888889
PSEN2	CIB1	0.355555556
PSEN2	APBA3	0.044444444
PSEN2	GFAP	0.044444444
PSEN2	APH1B	0.111111111
PSEN2	CSNK1D	0.044444444
PSEN1	BACE1	0.111111111
PSEN1	MAPT	0.088888889
PSEN1	APOE	0.044444444
PSEN1	NCSTN	0.133333333
PSEN1	PSENEN	0.111111111
PSEN1	CASP3	0.111111111
PSEN1	GAPDH	0.044444444
PSEN1	CDK5	0.088888889
PSEN1	DOCK3	0.044444444
PSEN1	APH1A	0.088888889
PSEN1	APBA1	0.066666667
PSEN1	APBA2	0.044444444
PSEN1	CLSTN1	0.044444444
PSEN1	VLDLR	0.025
PSEN1	S100B	0.025
PSEN1	TM2D1	0.025
PSEN1	KCNIP3	0.088888889
PSEN1	SLC6A4	0.075
PSEN1	CASP8	0.066666667
PSEN1	CIB1	0.111111111
PSEN1	UBQLN1	0.111111111
PSEN1	TMED10	0.044444444
PSEN1	APBA3	0.044444444
PSEN1	GFAP	0.088888889
PSEN1	APH1B	0.088888889
PSEN1	PTGS2	0.075
PSEN1	CASP7	0.111111111
PSEN1	ERN1	0.088888889
PSEN1	VPS26A	0.05
PSEN1	STMN2	0.025
PSEN1	TTR	0.025
PSEN1	SOD1	0.025
PSEN1	UCHL1	0.025
BACE1	GSK3B	0.196428571
BACE1	MAPT	0.114285714
BACE1	SNCA	0.075
BACE1	LRP1	0.1
BACE1	HSD17B10	0.075
BACE1	CDK5R1	0.15
BACE1	IDE	0.075
BACE1	NCSTN	0.111111111
BACE1	CASP3	0.2
BACE1	BACE2	0.075
BACE1	DHCR24	0.075
BACE1	DPYSL2	0.15
BACE1	SNCB	0.125
BACE1	UBB	0.125
BACE1	BPTF	0.075
BACE1	GSK3A	0.125
BACE1	BCHE	0.125
BACE1	CDK5	0.125
BACE1	MME	0.075
BACE1	PITRM1	0.075
BACE1	CLSTN1	0.3
BACE1	COX5A	0.1
BACE1	PLD3	0.125
BACE1	GRIN2C	0.15
BACE1	VLDLR	0.175
BACE1	DYRK1A	0.05
BACE1	RCAN1	0.1
BACE1	TFCP2	0.125
BACE1	S100B	0.1
BACE1	TM2D1	0.15
BACE1	MAPK1	0.125
BACE1	NOS1	0.1
BACE1	SLC6A4	0.075
BACE1	PICALM	0.075
BACE1	GDNF	0.1
BACE1	CASP8	0.125
BACE1	BDNF	0.1
BACE1	CIB1	0.125
BACE1	MAPK3	0.125
BACE1	GRIN1	0.05
BACE1	CD40	0.075
BACE1	MSR1	0.075
BACE1	EIF2AK2	0.075
BACE1	TNFRSF1A	0.075
BACE1	CASP9	0.15
BACE1	NRGN	0.125
BACE1	RTN4	0.1
BACE1	MEOX2	0.075
BACE1	UBQLN1	0.15
BACE1	CYCS	0.05
BACE1	GLRX	0.125
BACE1	TMED10	0.075
BACE1	ECE2	0.1
BACE1	GFAP	0.075
BACE1	DNMBP	0.1
BACE1	MAP2	0.1
BACE1	GRN	0.1
BACE1	NGFR	0.125
BACE1	CALM3	0.1
BACE1	MARK1	0.15
BACE1	FRMD4A	0.075
BACE1	SEMA3A	0.075
BACE1	SORCS3	0.125
BACE1	GPC1	0.1
BACE1	PTGS2	0.125
BACE1	CASP7	0.125
BACE1	PADI2	0.325
BACE1	CST3	0.125
BACE1	ITPR1	0.15
BACE1	LPL	0.275
BACE1	RYR3	0.075
BACE1	CAPN1	0.075
BACE1	DKK1	0.1
BACE1	ITPR3	0.075
BACE1	EIF2AK3	0.125
BACE1	PLCB1	0.125
BACE1	CALML5	0.05
BACE1	ERN1	0.1
BACE1	TARDBP	0.125
BACE1	STMN2	0.075
BACE1	DLST	0.075
BACE1	TNFRSF21	0.1
BACE1	SLC39A1	0.075
BACE1	SOD1	0.125
BACE1	SNCG	0.1
BACE1	CR1	0.075
BACE1	SERPINI1	0.075
BACE1	MAPK8	0.125
BACE1	UCHL1	0.125
BACE1	VSNL1	0.1
BACE1	OGT	0.275
GSK3B	MAPT	0.250396825
GSK3B	SNCA	0.05
GSK3B	LRP1	0.025
GSK3B	HSD17B10	0.025
GSK3B	IDE	0.075
GSK3B	GAPDH	0.044444444
GSK3B	MME	0.05
GSK3B	PITRM1	0.025
GSK3B	PLD3	0.05
GSK3B	VLDLR	0.05
GSK3B	TNF	0.025
GSK3B	S100B	0.025
GSK3B	TM2D1	0.05
GSK3B	MAPK1	0.125
GSK3B	NOS1	0.025
GSK3B	PICALM	0.05
GSK3B	MSR1	0.025
GSK3B	DNM1L	0.066666667
GSK3B	NGFR	0.025
GSK3B	MARK1	0.075
GSK3B	SEMA3A	0.05
GSK3B	SORCS3	0.025
GSK3B	PTGS2	0.05
GSK3B	ITPR1	0.1
GSK3B	RYR3	0.05
GSK3B	ITPR3	0.025
GSK3B	PLCB1	0.025
GSK3B	TARDBP	0.025
GSK3B	STMN2	0.025
GSK3B	TNFRSF21	0.075
GSK3B	SLC39A1	0.025
GSK3B	SERPINI1	0.025
GSK3B	UCHL1	0.025
GSK3B	VSNL1	0.05
GSK3B	TTBK1	0.025
GSK3B	OGT	0.05
MAPT	MME	0.05
MAPT	PITRM1	0.025
MAPT	VLDLR	0.075
MAPT	TNF	0.025
MAPT	RCAN1	0.05
MAPT	TM2D1	0.025
MAPT	NOS1	0.05
MAPT	PICALM	0.025
MAPT	SQSTM1	0.075
MAPT	RTN4	0.075
MAPT	MARK4	0.088888889
MAPT	MARK1	0.341666667
MAPT	SEMA3A	0.025
MAPT	PTGS2	0.075
MAPT	RYR3	0.075
MAPT	AATF	0.111111111
MAPT	PLCB1	0.025
MAPT	TARDBP	0.025
MAPT	SLC39A1	0.025
MAPT	SNCG	0.05
MAPT	TTBK1	0.025
MAPT	OGT	0.05
SNCA	SNCB	0.088888889
SNCA	UBB	0.044444444
SNCA	GAPDH	0.088888889
SNCA	COX5A	0.022222222
SNCA	DYRK1A	0.244444444
SNCA	TM2D1	0.025
SNCA	MAPK1	0.088888889
SNCA	SLC6A4	0.044444444
SNCA	PIN1	0.044444444
SNCA	MAPK3	0.044444444
SNCA	SQSTM1	0.088888889
SNCA	APLP1	0.044444444
SNCA	CYCS	0.066666667
SNCA	MAP2	0.022222222
SNCA	MARK1	0.022222222
SNCA	SORCS3	0.025
SNCA	CSNK1D	0.066666667
SNCA	COL25A1	0.044444444
SNCA	TTR	0.04
SNCA	MAPK8	0.044444444
SNCA	UCHL1	0.222222222
SNCA	SYP	0.022222222
LRP1	APBB1	0.111111111
LRP1	SERPINA3	0.066666667
LRP1	MME	0.05
LRP1	APBA2	0.066666667
LRP1	PITRM1	0.025
LRP1	PLD3	0.025
LRP1	RCAN1	0.05
LRP1	NOS1	0.025
LRP1	MSR1	0.025
LRP1	MARK1	0.1
LRP1	LPL	0.088888889
LRP1	PLCB1	0.025
LRP1	TARDBP	0.025
LRP1	TNFRSF21	0.05
LRP1	SNCG	0.025
LRP1	MAPK8	0.025
LRP1	OGT	0.025
APBB1	APOE	0.025
APBB1	HSD17B10	0.025
APBB1	IDE	0.05
APBB1	APLP2	0.088888889
APBB1	APBA1	0.044444444
APBB1	DYRK1A	0.075
APBB1	TFCP2	0.088888889
APBB1	MAPK1	0.075
APBB1	PICALM	0.025
APBB1	CASP8	0.05
APBB1	BDNF	0.05
APBB1	GRIN1	0.025
APBB1	EIF2AK2	0.025
APBB1	CYCS	0.025
APBB1	ECE2	0.025
APBB1	DNMBP	0.025
APBB1	MARK1	0.1
APBB1	PTGS2	0.075
APBB1	RYR3	0.025
APBB1	ITPR3	0.025
APBB1	PLCB1	0.025
APBB1	ERN1	0.025
APBB1	TNFRSF21	0.1
APBB1	VSNL1	0.05
APOE	HSD17B10	0.025
APOE	IDE	0.05
APOE	SERPINA3	0.04
APOE	GAPDH	0.04
APOE	CTSB	0.066666667
APOE	PRNP	0.04
APOE	MT3	0.04
APOE	VLDLR	0.088888889
APOE	DYRK1A	0.075
APOE	MAPK1	0.075
APOE	PICALM	0.025
APOE	CASP8	0.05
APOE	BDNF	0.09
APOE	GRIN1	0.025
APOE	CLU	0.08
APOE	EIF2AK2	0.025
APOE	CYCS	0.025
APOE	ECE2	0.025
APOE	DNMBP	0.025
APOE	MAP2	0.066666667
APOE	MARK1	0.1
APOE	PTGS2	0.075
APOE	RYR3	0.025
APOE	ITPR3	0.025
APOE	PLCB1	0.025
APOE	ERN1	0.025
APOE	TTR	0.08
APOE	TNFRSF21	0.1
APOE	SOD1	0.04
APOE	VSNL1	0.05
HSD17B10	IDE	0.025
HSD17B10	NCSTN	0.025
HSD17B10	ITM2B	0.05
HSD17B10	PITRM1	0.025
HSD17B10	PLD3	0.025
HSD17B10	VLDLR	0.025
HSD17B10	RCAN1	0.025
HSD17B10	TFCP2	0.025
HSD17B10	MAPK1	0.075
HSD17B10	NOS1	0.025
HSD17B10	PICALM	0.025
HSD17B10	MAPK3	0.025
HSD17B10	RTN4	0.1
HSD17B10	MEOX2	0.05
HSD17B10	MARK1	0.1
HSD17B10	SEMA3A	0.025
HSD17B10	PTGS2	0.075
HSD17B10	RYR3	0.05
HSD17B10	ITPR3	0.05
HSD17B10	PLCB1	0.025
HSD17B10	TNFRSF21	0.1
HSD17B10	SNCG	0.05
HSD17B10	VSNL1	0.05
CDK5R1	UBB	0.05
CDK5R1	DOCK3	0.05
CDK5R1	MME	0.05
CDK5R1	ITM2B	0.05
CDK5R1	CLSTN1	0.075
CDK5R1	COX5A	0.05
CDK5R1	VLDLR	0.1
CDK5R1	DYRK1A	0.05
CDK5R1	RCAN1	0.125
CDK5R1	TFCP2	0.05
CDK5R1	S100B	0.05
CDK5R1	TM2D1	0.05
CDK5R1	MAPK1	0.1
CDK5R1	NOS1	0.125
CDK5R1	SLC6A4	0.075
CDK5R1	CIB1	0.05
CDK5R1	GRIN1	0.1
CDK5R1	EIF2AK2	0.1
CDK5R1	RTN4	0.025
CDK5R1	DNM1L	0.025
CDK5R1	MEOX2	0.075
CDK5R1	GRIN2A	0.075
CDK5R1	GLRX	0.075
CDK5R1	GFAP	0.1
CDK5R1	DNMBP	0.05
CDK5R1	MAP2	0.05
CDK5R1	GRN	0.075
CDK5R1	MARK1	0.025
CDK5R1	FRMD4A	0.125
CDK5R1	SEMA3A	0.075
CDK5R1	PTGS2	0.025
CDK5R1	CST3	0.05
CDK5R1	ITPR1	0.025
CDK5R1	RYR3	0.025
CDK5R1	DKK1	0.075
CDK5R1	GAL	0.05
CDK5R1	EIF2AK3	0.05
CDK5R1	PLCB1	0.075
CDK5R1	ERN1	0.1
CDK5R1	TARDBP	0.1
CDK5R1	DLST	0.075
CDK5R1	SLC39A1	0.1
CDK5R1	SOD1	0.025
CDK5R1	SNCG	0.075
CDK5R1	SERPINI1	0.1
CDK5R1	MAPK8	0.1
CDK5R1	TTBK1	0.044444444
CDK5R1	OGT	0.05
CDK5R1	CETP	0.05
IDE	ITM2B	0.025
IDE	VLDLR	0.025
IDE	RCAN1	0.025
IDE	S100B	0.05
IDE	MAPK1	0.075
IDE	PICALM	0.05
IDE	TNFRSF1A	0.025
IDE	RTN4	0.05
IDE	MEOX2	0.025
IDE	TMED10	0.025
IDE	MARK1	0.125
IDE	PTGS2	0.1
IDE	LPL	0.025
IDE	RYR3	0.025
IDE	ITPR3	0.05
IDE	PLCB1	0.05
IDE	STMN2	0.05
IDE	TNFRSF21	0.125
IDE	VSNL1	0.075
NCSTN	PSENEN	0.133333333
NCSTN	APH1A	0.111111111
NCSTN	PLD3	0.025
NCSTN	VLDLR	0.025
NCSTN	TFCP2	0.025
NCSTN	RTN4	0.075
NCSTN	TMED10	0.066666667
NCSTN	APH1B	0.088888889
NCSTN	SEMA3A	0.025
NCSTN	RYR3	0.075
SERPINA3	TTR	0.24
SERPINA3	TNFRSF21	0.1
SERPINA3	SOD1	0.065
ADAM10	MME	0.05
ADAM10	APBA1	0.025
ADAM10	PITRM1	0.025
ADAM10	PLD3	0.025
ADAM10	DYRK1A	0.075
ADAM10	TFCP2	0.025
ADAM10	MAPK1	0.075
ADAM10	GDNF	0.025
ADAM10	CASP8	0.05
ADAM10	BDNF	0.05
ADAM10	CD40	0.025
ADAM10	MSR1	0.025
ADAM10	TNFRSF1A	0.05
ADAM10	RTN4	0.075
ADAM10	DNM1L	0.025
ADAM10	GRIN2A	0.05
ADAM10	CYCS	0.025
ADAM10	ECE2	0.025
ADAM10	GRN	0.025
ADAM10	CALM3	0.1
ADAM10	MARK1	0.075
ADAM10	FRMD4A	0.05
ADAM10	SEMA3A	0.025
ADAM10	FAS	0.025
ADAM10	SORCS3	0.225
ADAM10	PADI2	0.225
ADAM10	RYR3	0.075
ADAM10	CAPN1	0.05
ADAM10	ADAM19	0.025
ADAM10	CALML5	0.025
ADAM10	TNFRSF21	0.05
ADAM10	SOD1	0.025
ADAM10	RTN3	0.025
PSENEN	APH1B	0.044444444
CASP3	UBB	0.05
CASP3	CDK5	0.05
CASP3	MME	0.025
CASP3	CLSTN1	0.05
CASP3	COX5A	0.025
CASP3	PLD3	0.05
CASP3	VLDLR	0.1
CASP3	DYRK1A	0.05
CASP3	RCAN1	0.075
CASP3	S100B	0.05
CASP3	TM2D1	0.05
CASP3	KCNIP3	0.066666667
CASP3	NOS1	0.05
CASP3	PICALM	0.066666667
CASP3	GDNF	0.05
CASP3	CASP8	0.186111111
CASP3	CIB1	0.05
CASP3	EIF2AK2	0.044444444
CASP3	CASP9	0.230555556
CASP3	RTN4	0.05
CASP3	CASP2	0.066666667
CASP3	GRIN2A	0.025
CASP3	CYCS	0.04
CASP3	GLRX	0.072222222
CASP3	ECE2	0.05
CASP3	DNMBP	0.05
CASP3	MAP2	0.025
CASP3	GRN	0.05
CASP3	NGFR	0.05
CASP3	MARK1	0.075
CASP3	FRMD4A	0.1
CASP3	SORCS3	0.025
CASP3	PTGS2	0.075
CASP3	CASP7	0.119444444
CASP3	CST3	0.05
CASP3	ITPR1	0.05
CASP3	RYR3	0.025
CASP3	DKK1	0.05
CASP3	EIF2AK3	0.05
CASP3	PLCB1	0.075
CASP3	ERN1	0.05
CASP3	IL1B	0.04
CASP3	TARDBP	0.094444444
CASP3	SOD1	0.025
CASP3	SNCG	0.05
CASP3	MAPK8	0.05
CASP3	UCHL1	0.05
CASP3	OGT	0.05
BACE2	DPYSL2	0.05
BACE2	BPTF	0.025
BACE2	DOCK3	0.025
BACE2	PRNP	0.025
BACE2	CLSTN1	0.225
BACE2	MT3	0.025
BACE2	VLDLR	0.025
BACE2	TNF	0.025
BACE2	DYRK1A	0.075
BACE2	GRIN2B	0.025
BACE2	MAPK1	0.05
BACE2	KCNIP3	0.025
BACE2	NOS1	0.025
BACE2	SLC6A4	0.025
BACE2	GDNF	0.025
BACE2	BDNF	0.05
BACE2	MAPK3	0.025
BACE2	GRIN1	0.025
BACE2	CD40	0.025
BACE2	SQSTM1	0.025
BACE2	EIF2AK2	0.025
BACE2	TNFRSF1A	0.05
BACE2	RTN4	0.025
BACE2	DNM1L	0.05
BACE2	CASP2	0.05
BACE2	CYCS	0.05
BACE2	GFAP	0.05
BACE2	MAP2	0.05
BACE2	CALM3	0.075
BACE2	CHRNA7	0.025
BACE2	MARK4	0.025
BACE2	MARK1	0.1
BACE2	FRMD4A	0.05
BACE2	SEMA3A	0.025
BACE2	FAS	0.025
BACE2	ITPR1	0.05
BACE2	PLCB1	0.025
BACE2	CALML5	0.025
BACE2	TARDBP	0.025
BACE2	VPS26A	0.025
BACE2	TNFRSF21	0.075
BACE2	SLC39A1	0.225
BACE2	SOD1	0.025
BACE2	CR1	0.025
BACE2	SERPINI1	0.025
DHCR24	DYRK1A	0.05
DHCR24	MAPK1	0.05
DHCR24	MARK1	0.075
DHCR24	PTGS2	0.05
DHCR24	RYR3	0.025
DHCR24	TNFRSF21	0.075
DHCR24	VSNL1	0.025
CTSD	CTSB	0.044444444
CTSD	CST3	0.044444444
DPYSL2	GAPDH	0.075
DPYSL2	MME	0.075
DPYSL2	ITM2B	0.125
DPYSL2	PRNP	0.025
DPYSL2	PLD3	0.1
DPYSL2	VLDLR	0.025
DPYSL2	TNF	0.05
DPYSL2	DYRK1A	0.075
DPYSL2	IL1A	0.05
DPYSL2	TFCP2	0.1
DPYSL2	S100B	0.1
DPYSL2	SLC6A4	0.05
DPYSL2	PICALM	0.05
DPYSL2	SQSTM1	0.025
DPYSL2	TNFRSF1A	0.075
DPYSL2	RTN4	0.15
DPYSL2	MEOX2	0.125
DPYSL2	GFAP	0.05
DPYSL2	MARK4	0.025
DPYSL2	MARK1	0.1
DPYSL2	FRMD4A	0.075
DPYSL2	SEMA3A	0.075
DPYSL2	FAS	0.05
DPYSL2	LPL	0.075
DPYSL2	RYR3	0.125
DPYSL2	PLCB1	0.025
DPYSL2	TARDBP	0.05
DPYSL2	VPS26A	0.025
DPYSL2	STMN2	0.1
DPYSL2	TTR	0.05
DPYSL2	TNFRSF21	0.05
DPYSL2	SOD1	0.05
DPYSL2	TTBK1	0.05
DPYSL2	OGT	0.075
SNCB	SNCG	0.05
UBB	VLDLR	0.075
UBB	UCHL1	0.022222222
UBB	NTRK1	0.044444444
BPTF	MME	0.05
BPTF	CLSTN1	0.025
BPTF	COX5A	0.025
BPTF	TNF	0.025
BPTF	MAPK1	0.075
BPTF	NOS1	0.025
BPTF	PICALM	0.025
BPTF	GRIN1	0.025
BPTF	CD40	0.025
BPTF	EIF2AK2	0.025
BPTF	RTN4	0.025
BPTF	GFAP	0.025
BPTF	CALM3	0.1
BPTF	MARK1	0.05
BPTF	SEMA3A	0.05
BPTF	ITPR1	0.05
BPTF	RYR3	0.075
BPTF	CALML5	0.025
BPTF	TARDBP	0.025
BPTF	SLC39A1	0.025
BPTF	SERPINI1	0.025
BPTF	TTBK1	0.025
BPTF	OGT	0.025
GSK3A	PLD3	0.025
GSK3A	PADI2	0.025
GSK3A	SNCG	0.05
BCHE	MME	0.025
BCHE	CLSTN1	0.025
BCHE	COX5A	0.025
BCHE	VLDLR	0.075
BCHE	TNF	0.025
BCHE	DYRK1A	0.025
BCHE	S100B	0.025
BCHE	MAPK1	0.075
BCHE	PICALM	0.025
BCHE	CASP8	0.05
BCHE	CIB1	0.025
BCHE	CASP9	0.025
BCHE	GLRX	0.05
BCHE	DNMBP	0.225
BCHE	CALM3	0.075
BCHE	CHRNA7	0.08
BCHE	MARK1	0.075
BCHE	SEMA3A	0.025
BCHE	SORCS3	0.025
BCHE	PTGS2	0.225
BCHE	CASP7	0.25
BCHE	CST3	0.025
BCHE	ITPR1	0.05
BCHE	RYR3	0.05
BCHE	EIF2AK3	0.025
BCHE	PLCB1	0.025
BCHE	TARDBP	0.025
BCHE	SOD1	0.025
BCHE	TTBK1	0.025
BCHE	OGT	0.05
CHAT	CHRNA7	0.04
GAPDH	ITM2B	0.05
GAPDH	PRNP	0.065
GAPDH	PLD3	0.025
GAPDH	VLDLR	0.025
GAPDH	TFCP2	0.025
GAPDH	MAPK1	0.025
GAPDH	SLC6A4	0.05
GAPDH	SQSTM1	0.025
GAPDH	RTN4	0.075
GAPDH	MEOX2	0.05
GAPDH	UBQLN1	0.022222222
GAPDH	GFAP	0.025
GAPDH	MARK4	0.025
GAPDH	SEMA3A	0.025
GAPDH	RYR3	0.075
GAPDH	PLCB1	0.025
GAPDH	VPS26A	0.025
GAPDH	TTR	0.265
GAPDH	TNFRSF21	0.05
GAPDH	SOD1	0.025
CDK5	PLD3	0.025
CDK5	TM2D1	0.025
CDK5	GDNF	0.025
CDK5	GRIN2A	0.044444444
CDK5	ECE2	0.025
CDK5	NGFR	0.025
CDK5	FRMD4A	0.05
CDK5	PTGS2	0.075
CDK5	CSNK1D	0.044444444
CDK5	ITPR1	0.05
DOCK3	TNF	0.025
DOCK3	DYRK1A	0.075
DOCK3	RCAN1	0.025
DOCK3	TM2D1	0.025
DOCK3	MAPK1	0.075
DOCK3	KCNIP3	0.025
DOCK3	GDNF	0.025
DOCK3	MAPK3	0.025
DOCK3	TNFRSF1A	0.05
DOCK3	RTN4	0.025
DOCK3	GRN	0.025
DOCK3	MARK1	0.075
DOCK3	FRMD4A	0.025
DOCK3	SORCS3	0.025
DOCK3	PTGS2	0.025
DOCK3	ITPR1	0.05
DOCK3	RYR3	0.075
DOCK3	GAL	0.025
DOCK3	TARDBP	0.025
DOCK3	SNCG	0.025
DOCK3	OGT	0.05
APH1A	MT3	0.05
APH1A	RCAN1	0.025
APH1A	GRIN2B	0.05
APH1A	MAPK1	0.1
APH1A	RTN4	0.05
APH1A	DNM1L	0.05
APH1A	CASP2	0.05
APH1A	CYCS	0.025
APH1A	GFAP	0.05
APH1A	MAP2	0.075
APH1A	FRMD4A	0.025
APH1A	CAPN1	0.025
APH1A	TNFRSF21	0.125
APH1A	SOD1	0.05
APH1A	SNCG	0.025
APLP2	MME	0.05
APLP2	PRNP	0.05
APLP2	COX5A	0.025
APLP2	GRIN2C	0.025
APLP2	MT3	0.04
APLP2	VLDLR	0.025
APLP2	TNF	0.025
APLP2	DYRK1A	0.1
APLP2	TFCP2	0.025
APLP2	TM2D1	0.25
APLP2	MAPK1	0.05
APLP2	SLC6A4	0.075
APLP2	PICALM	0.025
APLP2	MAPK3	0.025
APLP2	CD40	0.025
APLP2	CLU	0.04
APLP2	EIF2AK2	0.025
APLP2	NRGN	0.025
APLP2	RTN4	0.025
APLP2	DNM1L	0.075
APLP2	UBQLN1	0.05
APLP2	CYCS	0.05
APLP2	GFAP	0.025
APLP2	GRN	0.025
APLP2	CALM3	0.1
APLP2	CHRNA7	0.025
APLP2	MARK4	0.05
APLP2	MARK1	0.025
APLP2	FRMD4A	0.075
APLP2	SEMA3A	0.025
APLP2	FAS	0.025
APLP2	SORCS3	0.025
APLP2	PTGS2	0.025
APLP2	CASP7	0.025
APLP2	ITPR1	0.05
APLP2	RYR3	0.1
APLP2	DKK1	0.025
APLP2	GAL	0.025
APLP2	PLCB1	0.05
APLP2	APBB3	0.111111111
APLP2	TARDBP	0.025
APLP2	VPS26A	0.05
APLP2	TTR	0.065
APLP2	TNFRSF21	0.025
APLP2	SOD1	0.065
APLP2	CR1	0.025
APLP2	TTBK1	0.225
APLP2	OGT	0.075
APLP2	CETP	0.025
MME	PITRM1	0.05
MME	PLD3	0.05
MME	VLDLR	0.05
MME	TNF	0.05
MME	PICALM	0.25
MME	MSR1	0.05
MME	SEMA3A	0.05
MME	PTGS2	0.025
MME	RYR3	0.05
MME	TARDBP	0.05
MME	TNFRSF21	0.075
MME	TTBK1	0.05
MME	OGT	0.075
ITM2B	PLD3	0.05
ITM2B	VLDLR	0.05
ITM2B	TFCP2	0.025
ITM2B	MAPK1	0.075
ITM2B	RTN4	0.075
ITM2B	MEOX2	0.075
ITM2B	MARK1	0.05
ITM2B	SEMA3A	0.025
ITM2B	RYR3	0.075
CTSB	DBN1	0.025
CTSB	PLD3	0.025
CTSB	VLDLR	0.025
CTSB	TFCP2	0.025
CTSB	MAPK1	0.05
CTSB	RTN4	0.075
CTSB	MEOX2	0.05
CTSB	SEMA3A	0.025
CTSB	CST3	0.088888889
CTSB	RYR3	0.075
APBA1	PITRM1	0.05
APBA1	COX5A	0.05
APBA1	PLD3	0.025
APBA1	TNF	0.05
APBA1	DYRK1A	0.075
APBA1	RCAN1	0.075
APBA1	MAPK1	0.075
APBA1	KCNIP3	0.025
APBA1	NOS1	0.05
APBA1	PICALM	0.025
APBA1	GDNF	0.05
APBA1	BDNF	0.05
APBA1	MAPK3	0.05
APBA1	CD40	0.025
APBA1	MSR1	0.025
APBA1	TNFRSF1A	0.05
APBA1	RTN4	0.075
APBA1	CASP2	0.1
APBA1	CYCS	0.025
APBA1	APH1B	0.075
APBA1	GRN	0.25
APBA1	CALM3	0.075
APBA1	MARK1	0.1
APBA1	FRMD4A	0.1
APBA1	SEMA3A	0.025
APBA1	RYR3	0.075
APBA1	CAPN1	0.05
APBA1	DKK1	0.225
APBA1	ITPR3	0.025
APBA1	COX4I1	0.025
APBA1	PLCB1	0.025
APBA1	CALML5	0.025
APBA1	ERN1	0.025
APBA1	CTNNA3	0.025
APBA1	TARDBP	0.075
APBA1	TNFRSF21	0.05
APBA1	SNCG	0.05
APBA1	MAPK8	0.025
APBA1	TTBK1	0.025
APBA1	OGT	0.05
APBA2	DBN1	0.025
APBA2	PLD3	0.05
APBA2	VLDLR	0.025
APBA2	TFCP2	0.025
APBA2	TM2D1	0.025
APBA2	MAPK1	0.05
APBA2	GDNF	0.025
APBA2	CASP8	0.05
APBA2	CASP9	0.025
APBA2	RTN4	0.075
APBA2	MEOX2	0.05
APBA2	APBA3	0.025
APBA2	ECE2	0.025
APBA2	APH1B	0.05
APBA2	NGFR	0.025
APBA2	CALM3	0.025
APBA2	FRMD4A	0.05
APBA2	SEMA3A	0.025
APBA2	PTGS2	0.075
APBA2	CSNK1D	0.225
APBA2	ITPR1	0.05
APBA2	RYR3	0.075
PRNP	CLSTN1	0.244444444
PRNP	VLDLR	0.025
PRNP	SLC6A4	0.075
PRNP	CLU	0.066666667
PRNP	APLP1	0.044444444
PRNP	GFAP	0.022222222
PRNP	MARK4	0.066666667
PRNP	VPS26A	0.05
PRNP	TTR	0.065
PRNP	TNFRSF21	0.025
PRNP	SOD1	0.025
PITRM1	PLD3	0.025
PITRM1	RCAN1	0.05
PITRM1	RTN4	0.075
PITRM1	SORCS3	0.025
PITRM1	TTR	0.025
PITRM1	TNFRSF21	0.05
PITRM1	SNCG	0.05
CLSTN1	VLDLR	0.075
CLSTN1	DYRK1A	0.025
CLSTN1	S100B	0.025
CLSTN1	NOS1	0.025
CLSTN1	GRIN1	0.025
CLSTN1	EIF2AK2	0.025
CLSTN1	RTN4	0.025
CLSTN1	GLRX	0.05
CLSTN1	GFAP	0.025
CLSTN1	DNMBP	0.025
CLSTN1	MARK1	0.1
CLSTN1	SEMA3A	0.025
CLSTN1	SORCS3	0.025
CLSTN1	PTGS2	0.025
CLSTN1	CST3	0.025
CLSTN1	ITPR1	0.075
CLSTN1	RYR3	0.025
CLSTN1	EIF2AK3	0.025
CLSTN1	PLCB1	0.025
CLSTN1	SLC39A1	0.025
CLSTN1	SOD1	0.025
CLSTN1	SERPINI1	0.025
DBN1	PLD3	0.025
DBN1	VLDLR	0.025
DBN1	TFCP2	0.05
DBN1	MAPK1	0.05
DBN1	NRGN	0.025
DBN1	RTN4	0.075
DBN1	MEOX2	0.05
DBN1	MARK1	0.1
DBN1	SEMA3A	0.025
DBN1	RYR3	0.075
COX5A	VLDLR	0.075
COX5A	TNF	0.025
COX5A	DYRK1A	0.025
COX5A	RCAN1	0.05
COX5A	TM2D1	0.025
COX5A	MAPK1	0.075
COX5A	KCNIP3	0.025
COX5A	NOS1	0.05
COX5A	PICALM	0.025
COX5A	GDNF	0.025
COX5A	MAPK3	0.025
COX5A	SQSTM1	0.275
COX5A	EIF2AK2	0.025
COX5A	RTN4	0.075
COX5A	CYCS	0.025
COX5A	GLRX	0.025
COX5A	MARK1	0.275
COX5A	FRMD4A	0.05
COX5A	SEMA3A	0.025
COX5A	FAS	0.025
COX5A	PTGS2	0.05
COX5A	ITPR1	0.025
COX5A	RYR3	0.05
COX5A	ITPR3	0.025
COX5A	PLCB1	0.025
COX5A	CTNNA3	0.025
COX5A	TARDBP	0.025
COX5A	SLC39A1	0.025
COX5A	SNCG	0.05
COX5A	TTBK1	0.025
COX5A	OGT	0.05
PLD3	VLDLR	0.025
PLD3	TFCP2	0.025
PLD3	TM2D1	0.025
PLD3	RTN4	0.075
PLD3	SEMA3A	0.025
PLD3	PTGS2	0.075
PLD3	RYR3	0.075
PLD3	TNFRSF21	0.05
PLD3	SNCG	0.05
GRIN2C	TFCP2	0.025
GRIN2C	TM2D1	0.025
GRIN2C	MAPK3	0.025
GRIN2C	NRGN	0.025
GRIN2C	UBQLN1	0.05
GRIN2C	PADI2	0.025
GRIN2C	SNCG	0.05
MT3	TTR	0.04
MT3	TNFRSF21	0.1
MT3	SOD1	0.065
NGF	SORCS3	0.266666667
VLDLR	LPL	0.088888889
VLDLR	VPS26A	0.025
ACHE	TNF	0.05
ACHE	DYRK1A	0.05
ACHE	MAPK1	0.05
ACHE	KCNIP3	0.05
ACHE	GDNF	0.05
ACHE	CASP8	0.025
ACHE	BDNF	0.025
ACHE	MAPK3	0.05
ACHE	TNFRSF1A	0.075
ACHE	CASP2	0.1
ACHE	GRIN2A	0.025
ACHE	APBA3	0.025
ACHE	APH1B	0.025
ACHE	CHRNA7	0.16
ACHE	MARK1	0.1
ACHE	PTGS2	0.05
ACHE	RYR3	0.025
ACHE	TARDBP	0.05
ACHE	TNFRSF21	0.075
ACHE	VSNL1	0.025
TNF	ADAM17	0.044444444
TNF	TNFRSF1A	0.05
TNF	TTBK1	0.025
DYRK1A	RCAN1	0.094444444
DYRK1A	TFCP2	0.025
DYRK1A	S100B	0.025
DYRK1A	TM2D1	0.05
DYRK1A	MAPK1	0.1
DYRK1A	SLC6A4	0.125
DYRK1A	PICALM	0.075
DYRK1A	GDNF	0.075
DYRK1A	MAPK3	0.025
DYRK1A	GRIN1	0.075
DYRK1A	SQSTM1	0.05
DYRK1A	MSR1	0.075
DYRK1A	EIF2AK2	0.05
DYRK1A	NRGN	0.025
DYRK1A	RTN4	0.075
DYRK1A	UBQLN1	0.05
DYRK1A	GLRX	0.05
DYRK1A	TMED10	0.05
DYRK1A	ECE2	0.075
DYRK1A	GFAP	0.075
DYRK1A	MAP2	0.025
DYRK1A	GRN	0.1
DYRK1A	MARK4	0.1
DYRK1A	MARK1	0.125
DYRK1A	FRMD4A	0.125
DYRK1A	FAS	0.075
DYRK1A	SORCS3	0.25
DYRK1A	GPC1	0.05
DYRK1A	PTGS2	0.05
DYRK1A	ITPR1	0.275
DYRK1A	RYR3	0.05
DYRK1A	GAL	0.075
DYRK1A	ITPR3	0.075
DYRK1A	EIF2AK3	0.025
DYRK1A	PLCB1	0.1
DYRK1A	ERN1	0.075
DYRK1A	VPS26A	0.1
DYRK1A	TTR	0.075
DYRK1A	TNFRSF21	0.075
DYRK1A	SOD1	0.05
DYRK1A	VSNL1	0.1
DYRK1A	OGT	0.1
ABCA7	GRIN2B	0.025
ABCA7	MAPK1	0.075
ABCA7	DNM1L	0.025
ABCA7	CYCS	0.025
ABCA7	GFAP	0.025
ABCA7	MAP2	0.05
ABCA7	TNFRSF21	0.1
ABCA7	SOD1	0.025
RCAN1	RTN4	0.1
RCAN1	RYR3	0.025
RCAN1	TARDBP	0.05
RCAN1	TNFRSF21	0.075
RCAN1	SNCG	0.075
IL1A	MAPK1	0.05
IL1A	MARK1	0.05
IL1A	RYR3	0.05
IL1A	OGT	0.025
GRIN2B	MAPK1	0.075
GRIN2B	GRIN1	0.066666667
GRIN2B	MAP2	0.05
GRIN2B	TNFRSF21	0.1
GRIN2B	SOD1	0.025
TFCP2	TM2D1	0.025
TFCP2	UBQLN1	0.025
S100B	GFAP	0.066666667
S100B	SORCS3	0.025
S100B	STMN2	0.025
S100B	SOD1	0.025
ADAM17	MAPK1	0.075
ADAM17	PICALM	0.025
ADAM17	CASP8	0.05
ADAM17	CIB1	0.025
ADAM17	CASP9	0.025
ADAM17	GLRX	0.05
ADAM17	DNMBP	0.025
ADAM17	APH1B	0.05
ADAM17	CALM3	0.075
ADAM17	MARK1	0.075
ADAM17	SEMA3A	0.025
ADAM17	SORCS3	0.025
ADAM17	PTGS2	0.025
ADAM17	CASP7	0.05
ADAM17	CST3	0.025
ADAM17	ITPR1	0.05
ADAM17	RYR3	0.05
ADAM17	EIF2AK3	0.025
ADAM17	PLCB1	0.025
ADAM17	ADAM19	0.025
ADAM17	TARDBP	0.025
ADAM17	SOD1	0.025
ADAM17	TTBK1	0.025
ADAM17	OGT	0.05
TM2D1	UBQLN1	0.05
MAPK1	SLC6A4	0.025
MAPK1	PICALM	0.1
MAPK1	CASP8	0.088888889
MAPK1	SQSTM1	0.066666667
MAPK1	TNFRSF1A	0.166666667
MAPK1	CASP9	0.111111111
MAPK1	RTN4	0.075
MAPK1	MEOX2	0.075
MAPK1	TMED10	0.05
MAPK1	NGFR	0.044444444
MAPK1	MARK1	0.1
MAPK1	SEMA3A	0.075
MAPK1	SORCS3	0.075
MAPK1	PTGS2	0.1
MAPK1	PADI2	0.075
MAPK1	RYR3	0.125
MAPK1	PLCB1	0.069444444
MAPK1	TARDBP	0.075
MAPK1	TTR	0.025
MAPK1	TNFRSF21	0.075
MAPK1	SOD1	0.05
MAPK1	SNCG	0.066666667
MAPK1	MAPK8	0.044444444
MAPK1	RTN3	0.075
MAPK1	TTBK1	0.075
MAPK1	OGT	0.125
KCNIP3	NOS1	0.025
KCNIP3	MAPK3	0.025
KCNIP3	SQSTM1	0.075
KCNIP3	TNFRSF1A	0.05
KCNIP3	MARK1	0.125
KCNIP3	PTGS2	0.075
KCNIP3	PLCB1	0.025
KCNIP3	TARDBP	0.025
KCNIP3	SLC39A1	0.025
NOS1	SQSTM1	0.075
NOS1	RTN4	0.05
NOS1	SEMA3A	0.025
NOS1	PTGS2	0.075
NOS1	PLCB1	0.05
NOS1	TARDBP	0.025
NOS1	SLC39A1	0.05
NOS1	SNCG	0.025
NOS1	SERPINI1	0.025
SLC6A4	SQSTM1	0.025
SLC6A4	VPS26A	0.075
SLC6A4	TTR	0.05
SLC6A4	TNFRSF21	0.05
SLC6A4	SOD1	0.09
PICALM	SEMA3A	0.025
PICALM	SORCS3	0.025
PICALM	PTGS2	0.075
PICALM	RYR3	0.05
PICALM	PLCB1	0.025
PICALM	TARDBP	0.025
PICALM	TTR	0.025
PICALM	TNFRSF21	0.1
PICALM	TTBK1	0.025
GDNF	MAPK3	0.025
GDNF	SQSTM1	0.075
GDNF	MSR1	0.025
GDNF	TNFRSF1A	0.05
GDNF	GRN	0.025
GDNF	NGFR	0.025
GDNF	MARK1	0.15
GDNF	PTGS2	0.1
GDNF	ITPR1	0.05
GDNF	PLCB1	0.025
GDNF	TARDBP	0.025
GDNF	TNFRSF21	0.05
GDNF	SLC39A1	0.025
PIN1	APLP1	0.044444444
PIN1	AATF	0.044444444
CASP8	CIB1	0.05
CASP8	GRIN1	0.05
CASP8	SQSTM1	0.091666667
CASP8	EIF2AK2	0.05
CASP8	TNFRSF1A	0.025
CASP8	CASP9	0.319444444
CASP8	RTN4	0.1
CASP8	DNM1L	0.025
CASP8	CASP2	0.044444444
CASP8	GRIN2A	0.075
CASP8	CYCS	0.05
CASP8	GLRX	0.05
CASP8	TMED10	0.025
CASP8	ECE2	0.075
CASP8	GFAP	0.05
CASP8	DNMBP	0.075
CASP8	MAP2	0.05
CASP8	NGFR	0.25
CASP8	MARK1	0.125
CASP8	FRMD4A	0.05
CASP8	SEMA3A	0.05
CASP8	FAS	0.177777778
CASP8	SORCS3	0.1
CASP8	GPC1	0.025
CASP8	PTGS2	0.3
CASP8	CASP7	0.044444444
CASP8	CST3	0.05
CASP8	ITPR1	0.075
CASP8	LPL	0.025
CASP8	RYR3	0.05
CASP8	DKK1	0.25
CASP8	ITPR3	0.05
CASP8	EIF2AK3	0.05
CASP8	PLCB1	0.05
CASP8	ERN1	0.05
CASP8	STMN2	0.05
CASP8	TTR	0.25
CASP8	TNFRSF21	0.075
CASP8	SOD1	0.075
CASP8	CR1	0.025
BDNF	GRIN1	0.075
BDNF	CD40	0.05
BDNF	CLU	0.04
BDNF	EIF2AK2	0.075
BDNF	TNFRSF1A	0.075
BDNF	RTN4	0.05
BDNF	MEOX2	0.025
BDNF	CYCS	0.075
BDNF	TMED10	0.025
BDNF	ECE2	0.075
BDNF	GFAP	0.05
BDNF	DNMBP	0.05
BDNF	GRN	0.05
BDNF	CALM3	0.125
BDNF	MARK1	0.1
BDNF	FRMD4A	0.05
BDNF	SEMA3A	0.05
BDNF	FAS	0.05
BDNF	GPC1	0.025
BDNF	PTGS2	0.1
BDNF	PADI2	0.05
BDNF	ITPR1	0.075
BDNF	RYR3	0.05
BDNF	CAPN1	0.05
BDNF	DKK1	0.05
BDNF	ITPR3	0.05
BDNF	PLCB1	0.075
BDNF	CALML5	0.05
BDNF	ERN1	0.075
BDNF	TARDBP	0.05
BDNF	TTR	0.04
BDNF	DLST	0.025
BDNF	TNFRSF21	0.125
BDNF	SLC39A1	0.05
BDNF	SNCG	0.025
BDNF	SERPINI1	0.05
BDNF	MAPK8	0.05
BDNF	RTN3	0.05
BDNF	OGT	0.025
CIB1	GLRX	0.05
CIB1	DNMBP	0.025
CIB1	MARK1	0.1
CIB1	SORCS3	0.025
CIB1	PTGS2	0.025
CIB1	CST3	0.025
CIB1	ITPR1	0.05
CIB1	RYR3	0.025
CIB1	EIF2AK3	0.025
CIB1	PLCB1	0.025
CIB1	SOD1	0.025
MAPK3	SQSTM1	0.044444444
MAPK3	TNFRSF1A	0.05
MAPK3	CASP9	0.088888889
MAPK3	NRGN	0.025
MAPK3	RTN4	0.075
MAPK3	UBQLN1	0.05
MAPK3	NGFR	0.044444444
MAPK3	MARK1	0.1
MAPK3	PTGS2	0.022222222
MAPK3	PLCB1	0.044444444
MAPK3	TARDBP	0.025
MAPK3	STMN2	0.044444444
MAPK3	SNCG	0.116666667
MAPK3	MAPK8	0.044444444
MAPK3	NTRK1	0.044444444
GRIN1	RTN4	0.025
GRIN1	GRIN2A	0.311111111
GRIN1	MAP2	0.044444444
GRIN1	MARK1	0.1
GRIN1	SEMA3A	0.025
GRIN1	PTGS2	0.075
GRIN1	ITPR1	0.05
GRIN1	RYR3	0.025
GRIN1	ITPR3	0.025
GRIN1	PLCB1	0.025
GRIN1	TNFRSF21	0.1
GRIN1	SLC39A1	0.025
GRIN1	SERPINI1	0.025
CD40	MSR1	0.025
CD40	EIF2AK2	0.05
CD40	NRGN	0.025
CD40	RTN4	0.025
CD40	UBQLN1	0.05
CD40	GFAP	0.025
CD40	GRN	0.025
CD40	MARK1	0.1
CD40	FRMD4A	0.05
CD40	SEMA3A	0.025
CD40	ITPR1	0.05
CD40	TNFRSF21	0.05
CD40	SLC39A1	0.025
CD40	SERPINI1	0.025
CD40	OGT	0.022222222
SQSTM1	GRIN2A	0.044444444
SQSTM1	CHRNA7	0.044444444
SQSTM1	TARDBP	0.044444444
SQSTM1	TTR	0.025
SQSTM1	TNFRSF21	0.025
SQSTM1	NTRK1	0.066666667
MSR1	TNFRSF21	0.05
CLU	TTR	0.08
CLU	SOD1	0.04
EIF2AK2	NRGN	0.025
EIF2AK2	RTN4	0.025
EIF2AK2	UBQLN1	0.05
EIF2AK2	GFAP	0.025
EIF2AK2	MARK1	0.125
EIF2AK2	SEMA3A	0.025
EIF2AK2	FAS	0.025
EIF2AK2	PTGS2	0.1
EIF2AK2	CASP7	0.044444444
EIF2AK2	ITPR1	0.05
EIF2AK2	RYR3	0.025
EIF2AK2	ITPR3	0.025
EIF2AK2	PLCB1	0.05
EIF2AK2	ERN1	0.025
EIF2AK2	TNFRSF21	0.1
EIF2AK2	SLC39A1	0.05
EIF2AK2	SERPINI1	0.025
TNFRSF1A	CASP2	0.044444444
TNFRSF1A	UBQLN1	0.022222222
TNFRSF1A	GRN	0.044444444
TNFRSF1A	FAS	0.044444444
TNFRSF1A	CASP7	0.111111111
TNFRSF1A	ERN1	0.044444444
CASP9	GLRX	0.025
CASP9	ECE2	0.025
CASP9	DNMBP	0.025
CASP9	NGFR	0.025
CASP9	MARK1	0.1
CASP9	FRMD4A	0.05
CASP9	SORCS3	0.025
CASP9	PTGS2	0.05
CASP9	CST3	0.025
CASP9	ITPR1	0.075
CASP9	RYR3	0.025
CASP9	EIF2AK3	0.025
CASP9	PLCB1	0.025
CASP9	SOD1	0.025
APLP1	APBB3	0.044444444
APLP1	TTR	0.08
APLP1	SOD1	0.04
NRGN	UBQLN1	0.025
RTN4	SEMA3A	0.075
RTN4	SORCS3	0.05
RTN4	RYR3	0.125
RTN4	SLC39A1	0.025
RTN4	SOD1	0.075
RTN4	SNCG	0.05
RTN4	SERPINI1	0.025
RTN4	RTN3	0.088888889
DNM1L	GRIN2A	0.05
DNM1L	GFAP	0.05
DNM1L	MAP2	0.05
DNM1L	GRN	0.025
DNM1L	MARK4	0.05
DNM1L	MARK1	0.025
DNM1L	FRMD4A	0.075
DNM1L	SEMA3A	0.025
DNM1L	FAS	0.025
DNM1L	SORCS3	0.05
DNM1L	PTGS2	0.025
DNM1L	ITPR1	0.025
DNM1L	RYR3	0.1
DNM1L	GAL	0.025
DNM1L	PLCB1	0.05
DNM1L	VPS26A	0.072222222
DNM1L	TTR	0.025
DNM1L	TNFRSF21	0.05
DNM1L	SOD1	0.075
DNM1L	OGT	0.05
MEOX2	SEMA3A	0.025
MEOX2	RYR3	0.1
CASP2	GRIN2A	0.05
CASP2	CYCS	0.025
CASP2	GFAP	0.025
CASP2	CHRNA7	0.025
CASP2	MARK1	0.15
CASP2	FRMD4A	0.05
CASP2	FAS	0.025
CASP2	ITPR3	0.275
CASP2	COX4I1	0.075
CASP2	CTNNA3	0.075
CASP2	TARDBP	0.075
CASP2	TTR	0.025
CASP2	TNFRSF21	0.025
CASP2	SOD1	0.025
CASP2	SNCG	0.1
CASP2	CR1	0.025
ABCA1	CYCS	0.1
ABCA1	GLRX	0.05
ABCA1	TMED10	0.1
ABCA1	APBA3	0.1
ABCA1	ECE2	0.1
ABCA1	GFAP	0.1
ABCA1	DNMBP	0.1
ABCA1	APH1B	0.1
ABCA1	MAP2	0.1
ABCA1	GRN	0.35
ABCA1	NGFR	0.075
ABCA1	CHRNA7	0.075
ABCA1	MARK4	0.05
ABCA1	MARK1	0.175
ABCA1	FRMD4A	0.05
ABCA1	FAS	0.075
ABCA1	SORCS3	0.1
ABCA1	GPC1	0.1
ABCA1	PTGS2	0.075
ABCA1	CASP7	0.025
ABCA1	CST3	0.075
ABCA1	ITPR1	0.1
ABCA1	RYR3	0.1
ABCA1	CAPN1	0.1
ABCA1	DKK1	0.125
ABCA1	GAL	0.125
ABCA1	ITPR3	0.125
ABCA1	EIF2AK3	0.075
ABCA1	PLCB1	0.05
ABCA1	ADAM19	0.1
ABCA1	CALML5	0.125
ABCA1	ERN1	0.125
ABCA1	VPS26A	0.05
ABCA1	TTR	0.075
ABCA1	TNFRSF21	0.1
ABCA1	SOD1	0.075
ABCA1	CR1	0.075
ABCA1	OGT	0.15
ABCA1	CETP	0.125
UBQLN1	FAS	0.022222222
UBQLN1	TARDBP	0.044444444
GRIN2A	MARK1	0.25
GRIN2A	SEMA3A	0.05
GRIN2A	SORCS3	0.05
GRIN2A	ITPR1	0.025
GRIN2A	RYR3	0.1
GRIN2A	SOD1	0.05
CYCS	ECE2	0.05
CYCS	GFAP	0.05
CYCS	DNMBP	0.025
CYCS	MAP2	0.05
CYCS	MARK4	0.05
CYCS	MARK1	0.1
CYCS	FRMD4A	0.1
CYCS	FAS	0.05
CYCS	PTGS2	0.075
CYCS	PADI2	0.025
CYCS	RYR3	0.025
CYCS	DKK1	0.025
CYCS	ITPR3	0.05
CYCS	PLCB1	0.075
CYCS	ERN1	0.025
CYCS	VPS26A	0.05
CYCS	STMN2	0.025
CYCS	TTR	0.025
CYCS	TNFRSF21	0.075
CYCS	SOD1	0.05
CYCS	SNCG	0.05
CYCS	RTN3	0.025
GLRX	MAP2	0.025
GLRX	MARK1	0.125
GLRX	SORCS3	0.05
GLRX	PTGS2	0.025
GLRX	ITPR1	0.05
GLRX	RYR3	0.05
GLRX	PLCB1	0.05
GLRX	SOD1	0.05
TMED10	TNFRSF21	0.075
APBA3	DNMBP	0.025
APBA3	APH1B	0.025
APBA3	GRN	0.075
APBA3	NGFR	0.025
APBA3	MARK1	0.075
APBA3	SORCS3	0.075
APBA3	GPC1	0.025
APBA3	PTGS2	0.025
APBA3	ITPR1	0.075
APBA3	RYR3	0.075
APBA3	CAPN1	0.025
APBA3	DKK1	0.075
APBA3	GAL	0.075
APBA3	ITPR3	0.025
APBA3	PLCB1	0.025
APBA3	ERN1	0.025
APBA3	TNFRSF21	0.1
APBA3	OGT	0.1
APBA3	CETP	0.075
ECE2	NGFR	0.025
ECE2	MARK1	0.1
ECE2	FRMD4A	0.025
ECE2	FAS	0.025
ECE2	PTGS2	0.1
ECE2	PADI2	0.025
ECE2	ITPR1	0.05
ECE2	RYR3	0.025
ECE2	ITPR3	0.025
ECE2	PLCB1	0.025
ECE2	ERN1	0.025
ECE2	TNFRSF21	0.1
ECE2	RTN3	0.025
GFAP	MAP2	0.075
GFAP	MARK4	0.025
GFAP	SEMA3A	0.025
GFAP	SORCS3	0.025
GFAP	ITPR1	0.05
GFAP	PLCB1	0.025
GFAP	VPS26A	0.025
GFAP	TTR	0.05
GFAP	TNFRSF21	0.075
GFAP	SLC39A1	0.025
GFAP	SOD1	0.05
GFAP	SERPINI1	0.025
DNMBP	MARK1	0.125
DNMBP	SORCS3	0.025
DNMBP	PTGS2	0.05
DNMBP	ITPR1	0.05
DNMBP	ITPR3	0.025
DNMBP	EIF2AK3	0.025
DNMBP	PLCB1	0.05
DNMBP	ERN1	0.025
DNMBP	TNFRSF21	0.1
DNMBP	SOD1	0.025
APH1B	CALM3	0.075
APH1B	MARK1	0.075
APH1B	SEMA3A	0.075
APH1B	PTGS2	0.05
APH1B	CSNK1D	0.05
APH1B	RYR3	0.075
APH1B	TNFRSF21	0.075
APH1B	OGT	0.075
CALM1	MAP2	0.022222222
CALM1	FAS	0.066666667
CALM1	ITPR1	0.066666667
CALM1	SOD1	0.022222222
CALM1	RTN3	0.022222222
MAP2	MARK4	0.088888889
MAP2	MARK1	0.141666667
MAP2	SORCS3	0.025
MAP2	PTGS2	0.025
MAP2	RYR3	0.025
MAP2	TTR	0.05
MAP2	TNFRSF21	0.125
MAP2	SOD1	0.025
GRN	MARK1	0.075
GRN	SORCS3	0.025
GRN	PTGS2	0.025
GRN	ITPR1	0.05
GRN	RYR3	0.075
GRN	PLCB1	0.025
GRN	TNFRSF21	0.05
GRN	SNCG	0.025
GRN	MAPK8	0.025
GRN	OGT	0.05
NGFR	PTGS2	0.275
NGFR	STMN2	0.044444444
NGFR	TTR	0.044444444
NGFR	NTRK1	0.088888889
CALM3	MARK1	0.075
CALM3	FRMD4A	0.05
CALM3	SEMA3A	0.1
CALM3	FAS	0.075
CALM3	SORCS3	0.1
CALM3	CASP7	0.05
CALM3	PADI2	0.075
CALM3	CSNK1D	0.025
CALM3	ITPR1	0.075
CALM3	LPL	0.025
CALM3	RYR3	0.125
CALM3	CAPN1	0.1
CALM3	DKK1	0.025
CALM3	CALML5	0.075
CALM3	STMN2	0.025
CALM3	TTR	0.075
CALM3	DLST	0.05
CALM3	SLC39A1	0.075
CALM3	SOD1	0.075
CALM3	SNCG	0.05
CALM3	CR1	0.025
CALM3	SERPINI1	0.075
CALM3	RTN3	0.075
CALM3	OGT	0.075
CHRNA7	MARK4	0.025
CHRNA7	FRMD4A	0.05
CHRNA7	FAS	0.025
CHRNA7	PLCB1	0.025
CHRNA7	VPS26A	0.025
CHRNA7	TNFRSF21	0.05
CHRNA7	CR1	0.025
MARK4	PLCB1	0.05
MARK4	VPS26A	0.05
MARK4	TTR	0.025
MARK4	TNFRSF21	0.025
MARK4	SOD1	0.025
MARK1	SEMA3A	0.025
MARK1	SORCS3	0.05
MARK1	PTGS2	0.1
MARK1	PLCB1	0.15
MARK1	TNFRSF21	0.15
MARK1	SLC39A1	0.1
MARK1	SOD1	0.075
MARK1	OGT	0.25
FRMD4A	PTGS2	0.275
FRMD4A	ITPR1	0.075
FRMD4A	LPL	0.025
FRMD4A	RYR3	0.025
FRMD4A	ITPR3	0.225
FRMD4A	PLCB1	0.275
FRMD4A	STMN2	0.25
FRMD4A	TTR	0.05
FRMD4A	SOD1	0.05
FRMD4A	SNCG	0.075
FRMD4A	MAPK8	0.05
FRMD4A	OGT	0.25
SEMA3A	SORCS3	0.025
SEMA3A	SLC39A1	0.025
SEMA3A	SOD1	0.025
SEMA3A	SERPINI1	0.025
FAS	PTGS2	0.075
FAS	PADI2	0.025
FAS	PLCB1	0.05
FAS	TNFRSF21	0.05
FAS	SLC39A1	0.025
SORCS3	TTR	0.025
GPC1	PTGS2	0.05
GPC1	PADI2	0.05
GPC1	RYR3	0.025
GPC1	TNFRSF21	0.075
GPC1	SNCG	0.075
PTGS2	TNFRSF21	0.15
PTGS2	SLC39A1	0.075
PTGS2	SOD1	0.025
CASP7	CST3	0.05
CASP7	ITPR1	0.075
CASP7	LPL	0.025
CASP7	RYR3	0.05
CASP7	DKK1	0.05
CASP7	EIF2AK3	0.05
CASP7	PLCB1	0.05
CASP7	TTR	0.05
CASP7	TNFRSF21	0.025
CASP7	SOD1	0.075
CASP7	CR1	0.025
PADI2	SNCG	0.05
CSNK1D	RYR3	0.075
CST3	ITPR1	0.05
CST3	RYR3	0.025
CST3	EIF2AK3	0.025
CST3	PLCB1	0.025
CST3	SOD1	0.025
ITPR1	RYR3	0.05
ITPR1	ITPR3	0.066666667
ITPR1	PLCB1	0.05
ITPR1	SLC39A1	0.05
ITPR1	SOD1	0.025
ITPR1	SNCG	0.025
ITPR1	SERPINI1	0.05
ITPR1	OGT	0.05
LPL	CETP	0.066666667
RYR3	TNFRSF21	0.3
RYR3	SOD1	0.05
CAPN1	ITPR3	0.025
CAPN1	COX4I1	0.05
CAPN1	CTNNA3	0.05
CAPN1	TNFRSF21	0.075
CAPN1	SNCG	0.075
DKK1	GAL	0.025
DKK1	PLCB1	0.025
DKK1	ERN1	0.025
DKK1	SNCG	0.025
DKK1	MAPK8	0.025
DKK1	OGT	0.05
GAL	OGT	0.05
AATF	ITPR3	0.025
AATF	COX4I1	0.05
AATF	PLCB1	0.025
AATF	ERN1	0.025
AATF	CTNNA3	0.05
AATF	TNFRSF21	0.075
AATF	SNCG	0.075
AATF	MAPK8	0.05
AATF	OGT	0.05
ITPR3	PLCB1	0.025
ITPR3	TNFRSF21	0.1
ITPR3	SNCG	0.05
COX4I1	CTNNA3	0.025
COX4I1	SNCG	0.05
EIF2AK3	PLCB1	0.025
EIF2AK3	SOD1	0.025
PLCB1	SLC39A1	0.025
PLCB1	SOD1	0.05
PLCB1	SNCG	0.025
ADAM19	ERN1	0.025
ADAM19	SOD1	0.05
ADAM19	CR1	0.025
ADAM19	OGT	0.05
ADAM19	CETP	0.025
CALML5	SERPINI1	0.025
ERN1	SNCG	0.025
ERN1	MAPK8	0.025
ERN1	OGT	0.025
CTNNA3	SNCG	0.05
