path:hsa04151	path:hsa05200	185
path:hsa04151	path:hsa05165	160
path:hsa04010	path:hsa04014	128
path:hsa00190	path:hsa01100	124
path:hsa04151	path:hsa04014	116
path:hsa04151	path:hsa04510	114
path:hsa04010	path:hsa05200	112
path:hsa04014	path:hsa04015	111
path:hsa00190	path:hsa04714	103
path:hsa04010	path:hsa04151	102
path:hsa04630	path:hsa04060	97
path:hsa04510	path:hsa05165	96
path:hsa00190	path:hsa05012	96
path:hsa04151	path:hsa05163	94
path:hsa04010	path:hsa04015	94
path:hsa04810	path:hsa04510	93
path:hsa04151	path:hsa04015	91
path:hsa04630	path:hsa05200	89
path:hsa04510	path:hsa05200	89
path:hsa00190	path:hsa05016	89
path:hsa00190	path:hsa05010	89
path:hsa04310	path:hsa05200	84
path:hsa05160	path:hsa05161	81
path:hsa05165	path:hsa05203	79
path:hsa04150	path:hsa05165	78
path:hsa04151	path:hsa05167	77
path:hsa00564	path:hsa01100	77
path:hsa04810	path:hsa04015	76
path:hsa00190	path:hsa04932	75
path:hsa05166	path:hsa05203	73
path:hsa04151	path:hsa04630	73
path:hsa00562	path:hsa01100	73
path:hsa04620	path:hsa05161	71
path:hsa04151	path:hsa05161	70
path:hsa04150	path:hsa05200	69
path:hsa04024	path:hsa05200	68
path:hsa00230	path:hsa01100	68
path:hsa00010	path:hsa01100	68
path:hsa04022	path:hsa04270	67
path:hsa04151	path:hsa05215	66
path:hsa04510	path:hsa05205	66
path:hsa04151	path:hsa05170	66
path:hsa04114	path:hsa04914	66
path:hsa04020	path:hsa04022	66
path:hsa04620	path:hsa05169	65
path:hsa04510	path:hsa04512	65
path:hsa04060	path:hsa04062	65
path:hsa00980	path:hsa05204	64
path:hsa04915	path:hsa05200	64
path:hsa04620	path:hsa05164	64
path:hsa04151	path:hsa04926	64
path:hsa04014	path:hsa04810	64
path:hsa04150	path:hsa05205	63
path:hsa04927	path:hsa04934	63
path:hsa04727	path:hsa04723	63
path:hsa04060	path:hsa05200	61
path:hsa04620	path:hsa05170	61
path:hsa04620	path:hsa05167	61
path:hsa04621	path:hsa05164	61
path:hsa04010	path:hsa05163	61
path:hsa04010	path:hsa05161	61
path:hsa04727	path:hsa05032	61
path:hsa04015	path:hsa04510	61
path:hsa04210	path:hsa05200	60
path:hsa04010	path:hsa05170	60
path:hsa01521	path:hsa04151	60
path:hsa04151	path:hsa05205	59
path:hsa05169	path:hsa05203	59
path:hsa04724	path:hsa04723	59
path:hsa04151	path:hsa04152	59
path:hsa04014	path:hsa04072	59
path:hsa00830	path:hsa01100	59
path:hsa04151	path:hsa05226	58
path:hsa04151	path:hsa05224	58
path:hsa05161	path:hsa05203	58
path:hsa04066	path:hsa05200	58
path:hsa04810	path:hsa05205	57
path:hsa04010	path:hsa05205	57
path:hsa04020	path:hsa04921	57
path:hsa04010	path:hsa04722	57
path:hsa00983	path:hsa01100	57
path:hsa04310	path:hsa05225	56
path:hsa04151	path:hsa05218	56
path:hsa04728	path:hsa05034	56
path:hsa04910	path:hsa04931	56
path:hsa04010	path:hsa04810	56
path:hsa00590	path:hsa01100	56
path:hsa00561	path:hsa01100	56
path:hsa04151	path:hsa05222	55
path:hsa05167	path:hsa05203	55
path:hsa04022	path:hsa04925	55
path:hsa04010	path:hsa04921	55
path:hsa04010	path:hsa04510	55
path:hsa04151	path:hsa04068	55
path:hsa04024	path:hsa04015	55
path:hsa04650	path:hsa05167	54
path:hsa04310	path:hsa04934	54
path:hsa04310	path:hsa04916	54
path:hsa04620	path:hsa04621	54
path:hsa04310	path:hsa05226	53
path:hsa04310	path:hsa05165	53
path:hsa04728	path:hsa05031	53
path:hsa04015	path:hsa04611	53
path:hsa04310	path:hsa04390	53
path:hsa04024	path:hsa04020	53
path:hsa04310	path:hsa05224	52
path:hsa04024	path:hsa04925	52
path:hsa04151	path:hsa05166	51
path:hsa04110	path:hsa05166	51
path:hsa04010	path:hsa05166	51
path:hsa04020	path:hsa04925	51
path:hsa04151	path:hsa04062	51
path:hsa04010	path:hsa05226	50
path:hsa04010	path:hsa05224	50
path:hsa04210	path:hsa05170	50
path:hsa04620	path:hsa05168	50
path:hsa04668	path:hsa05163	50
path:hsa04630	path:hsa05162	50
path:hsa04724	path:hsa04728	50
path:hsa04010	path:hsa04380	50
path:hsa04152	path:hsa04211	50
path:hsa04150	path:hsa04151	50
path:hsa04151	path:hsa05203	49
path:hsa04010	path:hsa05167	49
path:hsa04620	path:hsa05160	49
path:hsa04620	path:hsa05142	49
path:hsa04211	path:hsa04213	49
path:hsa04151	path:hsa04072	49
path:hsa00240	path:hsa01100	49
path:hsa04010	path:hsa05218	48
path:hsa04620	path:hsa05162	48
path:hsa04620	path:hsa05152	48
path:hsa04010	path:hsa04912	48
path:hsa04151	path:hsa04910	48
path:hsa00510	path:hsa01100	48
path:hsa00140	path:hsa01100	48
path:hsa04020	path:hsa05200	47
path:hsa04668	path:hsa05167	47
path:hsa00190	path:hsa04723	47
path:hsa04020	path:hsa04270	47
path:hsa04020	path:hsa04261	47
path:hsa04068	path:hsa04218	47
path:hsa04910	path:hsa04152	47
path:hsa00330	path:hsa01100	47
path:hsa00270	path:hsa01100	47
path:hsa04659	path:hsa05321	46
path:hsa04310	path:hsa05205	46
path:hsa04630	path:hsa05161	46
path:hsa04210	path:hsa05161	46
path:hsa04068	path:hsa04910	46
path:hsa04260	path:hsa04261	46
path:hsa01521	path:hsa04012	46
path:hsa04668	path:hsa05170	45
path:hsa04622	path:hsa05169	45
path:hsa04630	path:hsa05167	45
path:hsa04630	path:hsa05165	45
path:hsa04620	path:hsa05165	45
path:hsa04024	path:hsa04926	45
path:hsa04810	path:hsa04360	45
path:hsa04151	path:hsa04211	45
path:hsa04151	path:hsa04066	45
path:hsa05161	path:hsa05225	44
path:hsa04210	path:hsa05167	44
path:hsa04660	path:hsa05166	44
path:hsa04622	path:hsa05161	44
path:hsa04630	path:hsa05160	44
path:hsa04210	path:hsa05160	44
path:hsa04010	path:hsa04926	44
path:hsa04022	path:hsa04924	44
path:hsa00280	path:hsa01100	44
path:hsa04310	path:hsa05217	43
path:hsa01521	path:hsa05214	43
path:hsa05160	path:hsa05203	43
path:hsa04210	path:hsa05163	43
path:hsa04621	path:hsa05152	43
path:hsa04020	path:hsa04970	43
path:hsa04010	path:hsa04668	43
path:hsa00982	path:hsa01100	43
path:hsa00980	path:hsa01100	43
path:hsa04668	path:hsa05166	42
path:hsa04910	path:hsa04922	42
path:hsa04210	path:hsa04668	42
path:hsa04010	path:hsa04660	42
path:hsa04020	path:hsa04371	42
path:hsa04150	path:hsa04140	42
path:hsa04151	path:hsa04071	42
path:hsa04010	path:hsa04068	42
path:hsa00565	path:hsa01100	42
path:hsa04510	path:hsa05222	41
path:hsa04010	path:hsa05169	41
path:hsa04630	path:hsa05164	41
path:hsa04150	path:hsa04910	41
path:hsa04020	path:hsa04750	41
path:hsa04810	path:hsa04670	41
path:hsa04310	path:hsa04550	41
path:hsa04110	path:hsa04218	41
path:hsa04010	path:hsa05231	40
path:hsa04151	path:hsa05225	40
path:hsa04012	path:hsa05214	40
path:hsa04010	path:hsa05210	40
path:hsa04110	path:hsa05200	40
path:hsa04210	path:hsa05169	40
path:hsa04622	path:hsa05168	40
path:hsa04622	path:hsa05164	40
path:hsa04010	path:hsa05164	40
path:hsa04630	path:hsa05163	40
path:hsa04020	path:hsa04971	40
path:hsa04024	path:hsa04934	40
path:hsa04151	path:hsa04931	40
path:hsa04024	path:hsa04912	40
path:hsa04020	path:hsa04720	40
path:hsa04270	path:hsa04371	40
path:hsa04151	path:hsa04371	40
path:hsa04910	path:hsa04211	40
path:hsa01521	path:hsa04010	40
path:hsa04010	path:hsa05418	39
path:hsa04630	path:hsa05169	39
path:hsa04810	path:hsa05163	39
path:hsa04020	path:hsa04912	39
path:hsa04024	path:hsa04720	39
path:hsa04810	path:hsa04666	39
path:hsa04014	path:hsa04660	39
path:hsa04660	path:hsa04658	39
path:hsa04151	path:hsa04620	39
path:hsa04010	path:hsa04370	39
path:hsa04010	path:hsa04210	39
path:hsa04810	path:hsa04062	39
path:hsa04151	path:hsa04012	39
path:hsa04010	path:hsa04012	39
path:hsa00520	path:hsa01100	39
path:hsa04151	path:hsa05231	38
path:hsa05160	path:hsa05225	38
path:hsa04010	path:hsa05215	38
path:hsa04151	path:hsa05210	38
path:hsa04012	path:hsa05210	38
path:hsa05215	path:hsa05206	38
path:hsa04010	path:hsa05145	38
path:hsa04151	path:hsa04933	38
path:hsa04140	path:hsa04910	38
path:hsa04020	path:hsa04725	38
path:hsa04660	path:hsa04659	38
path:hsa04010	path:hsa04072	38
path:hsa00860	path:hsa01100	38
path:hsa00600	path:hsa01100	38
path:hsa00260	path:hsa01100	38
path:hsa00071	path:hsa01100	38
path:hsa04210	path:hsa05210	37
path:hsa04728	path:hsa05032	37
path:hsa04020	path:hsa04924	37
path:hsa04151	path:hsa04915	37
path:hsa04020	path:hsa04728	37
path:hsa04072	path:hsa04664	37
path:hsa04010	path:hsa04664	37
path:hsa04010	path:hsa04620	37
path:hsa04670	path:hsa04514	37
path:hsa04140	path:hsa04211	37
path:hsa05212	path:hsa04151	37
path:hsa00380	path:hsa01100	37
path:hsa04010	path:hsa05225	36
path:hsa04151	path:hsa05221	36
path:hsa05214	path:hsa05206	36
path:hsa04210	path:hsa05166	36
path:hsa04150	path:hsa05163	36
path:hsa04620	path:hsa05145	36
path:hsa04010	path:hsa04933	36
path:hsa04024	path:hsa04928	36
path:hsa04020	path:hsa04724	36
path:hsa04151	path:hsa04261	36
path:hsa04151	path:hsa04210	36
path:hsa05223	path:hsa04151	36
path:hsa01521	path:hsa04150	36
path:hsa04010	path:hsa04062	36
path:hsa05212	path:hsa04010	36
path:hsa04151	path:hsa01522	36
path:hsa04260	path:hsa05414	35
path:hsa04260	path:hsa05410	35
path:hsa01521	path:hsa05223	35
path:hsa04151	path:hsa05220	35
path:hsa04066	path:hsa05205	35
path:hsa04210	path:hsa05165	35
path:hsa04210	path:hsa05164	35
path:hsa04622	path:hsa05160	35
path:hsa04024	path:hsa04923	35
path:hsa04210	path:hsa04722	35
path:hsa04068	path:hsa04140	35
path:hsa05223	path:hsa04012	35
path:hsa04210	path:hsa01524	35
path:hsa00500	path:hsa01100	35
path:hsa00350	path:hsa01100	35
path:hsa04810	path:hsa05231	34
path:hsa04010	path:hsa05220	34
path:hsa04110	path:hsa05203	34
path:hsa04810	path:hsa05170	34
path:hsa04064	path:hsa05169	34
path:hsa04630	path:hsa05152	34
path:hsa04010	path:hsa05152	34
path:hsa04510	path:hsa05146	34
path:hsa04020	path:hsa04934	34
path:hsa04210	path:hsa04932	34
path:hsa04020	path:hsa04922	34
path:hsa04270	path:hsa04915	34
path:hsa04150	path:hsa04211	34
path:hsa04071	path:hsa04072	34
path:hsa01522	path:hsa04024	34
path:hsa03013	path:hsa03015	34
path:hsa00564	path:hsa00565	34
path:hsa04510	path:hsa05418	33
path:hsa04915	path:hsa05224	33
path:hsa04151	path:hsa05213	33
path:hsa04010	path:hsa05211	33
path:hsa04370	path:hsa05205	33
path:hsa04062	path:hsa05203	33
path:hsa04630	path:hsa05168	33
path:hsa04010	path:hsa05160	33
path:hsa04810	path:hsa05100	33
path:hsa04020	path:hsa05010	33
path:hsa04720	path:hsa04724	33
path:hsa04010	path:hsa04662	33
path:hsa04630	path:hsa04650	33
path:hsa04060	path:hsa04620	33
path:hsa04020	path:hsa04540	33
path:hsa04920	path:hsa04152	33
path:hsa04010	path:hsa04071	33
path:hsa04020	path:hsa04015	33
path:hsa04010	path:hsa01522	33
path:hsa00250	path:hsa01100	33
path:hsa00040	path:hsa01100	33
path:hsa04151	path:hsa05230	32
path:hsa04210	path:hsa05222	32
path:hsa04010	path:hsa05214	32
path:hsa04530	path:hsa05165	32
path:hsa04668	path:hsa05160	32
path:hsa04510	path:hsa05100	32
path:hsa04151	path:hsa04919	32
path:hsa04020	path:hsa04911	32
path:hsa04910	path:hsa04213	32
path:hsa04068	path:hsa04211	32
path:hsa04150	path:hsa04152	32
path:hsa04024	path:hsa04072	32
path:hsa05223	path:hsa04014	32
path:hsa00620	path:hsa01100	32
path:hsa04151	path:hsa05418	31
path:hsa04060	path:hsa05321	31
path:hsa04150	path:hsa05231	31
path:hsa04210	path:hsa05220	31
path:hsa04370	path:hsa05200	31
path:hsa04140	path:hsa05167	31
path:hsa04623	path:hsa05163	31
path:hsa04145	path:hsa05140	31
path:hsa04810	path:hsa05131	31
path:hsa04728	path:hsa05030	31
path:hsa04024	path:hsa04972	31
path:hsa04020	path:hsa04972	31
path:hsa04024	path:hsa04924	31
path:hsa04630	path:hsa04917	31
path:hsa04151	path:hsa04668	31
path:hsa04151	path:hsa04662	31
path:hsa04060	path:hsa04657	31
path:hsa04350	path:hsa04390	31
path:hsa04152	path:hsa04213	31
path:hsa04068	path:hsa04213	31
path:hsa05212	path:hsa04210	31
path:hsa04140	path:hsa04152	31
path:hsa04150	path:hsa04010	31
path:hsa00640	path:hsa01100	31
path:hsa00512	path:hsa01100	31
path:hsa00052	path:hsa01100	31
path:hsa04612	path:hsa05332	30
path:hsa04012	path:hsa05213	30
path:hsa05223	path:hsa05206	30
path:hsa04115	path:hsa05200	30
path:hsa04622	path:hsa05162	30
path:hsa04620	path:hsa05133	30
path:hsa04910	path:hsa04930	30
path:hsa04024	path:hsa04922	30
path:hsa04151	path:hsa04917	30
path:hsa04010	path:hsa04910	30
path:hsa04730	path:hsa04724	30
path:hsa04151	path:hsa04660	30
path:hsa04630	path:hsa04659	30
path:hsa04625	path:hsa04659	30
path:hsa04010	path:hsa04650	30
path:hsa04622	path:hsa04623	30
path:hsa04020	path:hsa04611	30
path:hsa04151	path:hsa04550	30
path:hsa04140	path:hsa04371	30
path:hsa04210	path:hsa04068	30
path:hsa00760	path:hsa01100	30
path:hsa00020	path:hsa01100	30
path:hsa00561	path:hsa00564	30
path:hsa00564	path:hsa05231	29
path:hsa04210	path:hsa05215	29
path:hsa01521	path:hsa05212	29
path:hsa04210	path:hsa05205	29
path:hsa04210	path:hsa05142	29
path:hsa05100	path:hsa05131	29
path:hsa04920	path:hsa04932	29
path:hsa04668	path:hsa04932	29
path:hsa04020	path:hsa04927	29
path:hsa04020	path:hsa04915	29
path:hsa04010	path:hsa04915	29
path:hsa04110	path:hsa04914	29
path:hsa04020	path:hsa04723	29
path:hsa04010	path:hsa04720	29
path:hsa04062	path:hsa04670	29
path:hsa04064	path:hsa04668	29
path:hsa04010	path:hsa04659	29
path:hsa04064	path:hsa04621	29
path:hsa04630	path:hsa04620	29
path:hsa04210	path:hsa04620	29
path:hsa04064	path:hsa04620	29
path:hsa04210	path:hsa04217	29
path:hsa04020	path:hsa04072	29
path:hsa04151	path:hsa04024	29
path:hsa04150	path:hsa04012	29
path:hsa00630	path:hsa01100	29
path:hsa00591	path:hsa01100	29
path:hsa00410	path:hsa01100	29
path:hsa04066	path:hsa05230	28
path:hsa04150	path:hsa05214	28
path:hsa04066	path:hsa05211	28
path:hsa04520	path:hsa05200	28
path:hsa04620	path:hsa05132	28
path:hsa04150	path:hsa04931	28
path:hsa04022	path:hsa04923	28
path:hsa04915	path:hsa04917	28
path:hsa04010	path:hsa04914	28
path:hsa04010	path:hsa04750	28
path:hsa04020	path:hsa04726	28
path:hsa04720	path:hsa04722	28
path:hsa04810	path:hsa04660	28
path:hsa04625	path:hsa04658	28
path:hsa01521	path:hsa04630	28
path:hsa04350	path:hsa04550	28
path:hsa04010	path:hsa04540	28
path:hsa04151	path:hsa04380	28
path:hsa04510	path:hsa04370	28
path:hsa04010	path:hsa04360	28
path:hsa04150	path:hsa04072	28
path:hsa04150	path:hsa04066	28
path:hsa05212	path:hsa04012	28
path:hsa05223	path:hsa04010	28
path:hsa00030	path:hsa01100	28
path:hsa04210	path:hsa05418	27
path:hsa04150	path:hsa05221	27
path:hsa04010	path:hsa05221	27
path:hsa04210	path:hsa05203	27
path:hsa04150	path:hsa05170	27
path:hsa04662	path:hsa05169	27
path:hsa04612	path:hsa05169	27
path:hsa04612	path:hsa05166	27
path:hsa04660	path:hsa05162	27
path:hsa04210	path:hsa05152	27
path:hsa04210	path:hsa05145	27
path:hsa04668	path:hsa04931	27
path:hsa04510	path:hsa04919	27
path:hsa04920	path:hsa04910	27
path:hsa04530	path:hsa04514	27
path:hsa04530	path:hsa04390	27
path:hsa04010	path:hsa04066	27
path:hsa04070	path:hsa04020	27
path:hsa04010	path:hsa04020	27
path:hsa04660	path:hsa04015	27
path:hsa00601	path:hsa01100	27
path:hsa00051	path:hsa01100	27
path:hsa00590	path:hsa00591	27
path:hsa04670	path:hsa05418	26
path:hsa04514	path:hsa05320	26
path:hsa04150	path:hsa05210	26
path:hsa05210	path:hsa05206	26
path:hsa04064	path:hsa05170	26
path:hsa04612	path:hsa05152	26
path:hsa04810	path:hsa05132	26
path:hsa04024	path:hsa04927	26
path:hsa04370	path:hsa04926	26
path:hsa04150	path:hsa04919	26
path:hsa04014	path:hsa04720	26
path:hsa04659	path:hsa04657	26
path:hsa04010	path:hsa04657	26
path:hsa04060	path:hsa04650	26
path:hsa04145	path:hsa04612	26
path:hsa04115	path:hsa04218	26
path:hsa04210	path:hsa04215	26
path:hsa04110	path:hsa04068	26
path:hsa04151	path:hsa04022	26
path:hsa04010	path:hsa04022	26
path:hsa04210	path:hsa01522	26
path:hsa00053	path:hsa01100	26
path:hsa04514	path:hsa05330	25
path:hsa04512	path:hsa05222	25
path:hsa04210	path:hsa05221	25
path:hsa04010	path:hsa05213	25
path:hsa04010	path:hsa05203	25
path:hsa04512	path:hsa05200	25
path:hsa04350	path:hsa05200	25
path:hsa04623	path:hsa05170	25
path:hsa04110	path:hsa05169	25
path:hsa04612	path:hsa05168	25
path:hsa04210	path:hsa05168	25
path:hsa04110	path:hsa05165	25
path:hsa04620	path:hsa05140	25
path:hsa04010	path:hsa05140	25
path:hsa04024	path:hsa04976	25
path:hsa04151	path:hsa04932	25
path:hsa04010	path:hsa04917	25
path:hsa04010	path:hsa04550	25
path:hsa04064	path:hsa04380	25
path:hsa04151	path:hsa04370	25
path:hsa04140	path:hsa04137	25
path:hsa04630	path:hsa04068	25
path:hsa04630	path:hsa05321	24
path:hsa04010	path:hsa05230	24
path:hsa05202	path:hsa05221	24
path:hsa04110	path:hsa05220	24
path:hsa05219	path:hsa05206	24
path:hsa04020	path:hsa05170	24
path:hsa04115	path:hsa05169	24
path:hsa04110	path:hsa05161	24
path:hsa04530	path:hsa05130	24
path:hsa00190	path:hsa05120	24
path:hsa00190	path:hsa05110	24
path:hsa04972	path:hsa04974	24
path:hsa04020	path:hsa04928	24
path:hsa04270	path:hsa04926	24
path:hsa04010	path:hsa04725	24
path:hsa04630	path:hsa04658	24
path:hsa04210	path:hsa04650	24
path:hsa04010	path:hsa04621	24
path:hsa04151	path:hsa04611	24
path:hsa04810	path:hsa04530	24
path:hsa04310	path:hsa04360	24
path:hsa04010	path:hsa04310	24
path:hsa04020	path:hsa04218	24
path:hsa04151	path:hsa04213	24
path:hsa04150	path:hsa04213	24
path:hsa04010	path:hsa04140	24
path:hsa00600	path:hsa04071	24
path:hsa04210	path:hsa04064	24
path:hsa00790	path:hsa01100	24
path:hsa00650	path:hsa01100	24
path:hsa00592	path:hsa01100	24
path:hsa00480	path:hsa01100	24
path:hsa00062	path:hsa01100	24
path:hsa04260	path:hsa05412	23
path:hsa04514	path:hsa05332	23
path:hsa04110	path:hsa05226	23
path:hsa04630	path:hsa05221	23
path:hsa04330	path:hsa05165	23
path:hsa04064	path:hsa05161	23
path:hsa04514	path:hsa05160	23
path:hsa04610	path:hsa05150	23
path:hsa04144	path:hsa05100	23
path:hsa04066	path:hsa04919	23
path:hsa04913	path:hsa04912	23
path:hsa04210	path:hsa04910	23
path:hsa04024	path:hsa04714	23
path:hsa04010	path:hsa04658	23
path:hsa04612	path:hsa04650	23
path:hsa04390	path:hsa04392	23
path:hsa04630	path:hsa04380	23
path:hsa05210	path:hsa04310	23
path:hsa04150	path:hsa04218	23
path:hsa04110	path:hsa04115	23
path:hsa04064	path:hsa04060	23
path:hsa04210	path:hsa04024	23
path:hsa05214	path:hsa04020	23
path:hsa03008	path:hsa03013	23
path:hsa00563	path:hsa01100	23
path:hsa00515	path:hsa01100	23
path:hsa04512	path:hsa05414	22
path:hsa04512	path:hsa05412	22
path:hsa04512	path:hsa05410	22
path:hsa04612	path:hsa05330	22
path:hsa04659	path:hsa05323	22
path:hsa04210	path:hsa05162	22
path:hsa04010	path:hsa05133	22
path:hsa04010	path:hsa05132	22
path:hsa04727	path:hsa05033	22
path:hsa04210	path:hsa05010	22
path:hsa04020	path:hsa04926	22
path:hsa04020	path:hsa04918	22
path:hsa04810	path:hsa04722	22
path:hsa04150	path:hsa04714	22
path:hsa04022	path:hsa04714	22
path:hsa04010	path:hsa04714	22
path:hsa04144	path:hsa04666	22
path:hsa04810	path:hsa04662	22
path:hsa04668	path:hsa04217	22
path:hsa01521	path:hsa04210	22
path:hsa04020	path:hsa04014	22
path:hsa01040	path:hsa01100	22
path:hsa04110	path:hsa05225	21
path:hsa04630	path:hsa05203	21
path:hsa04310	path:hsa05167	21
path:hsa04064	path:hsa05166	21
path:hsa04064	path:hsa05163	21
path:hsa04621	path:hsa05131	21
path:hsa04010	path:hsa05120	21
path:hsa04371	path:hsa04923	21
path:hsa04923	path:hsa04714	21
path:hsa04810	path:hsa04520	21
path:hsa04015	path:hsa04520	21
path:hsa05212	path:hsa04370	21
path:hsa05211	path:hsa04370	21
path:hsa00590	path:hsa04270	21
path:hsa04151	path:hsa04110	21
path:hsa00220	path:hsa01100	21
path:hsa00010	path:hsa00620	21
path:hsa04612	path:hsa05416	20
path:hsa04612	path:hsa05320	20
path:hsa04150	path:hsa05230	20
path:hsa04115	path:hsa05222	20
path:hsa04110	path:hsa05222	20
path:hsa05202	path:hsa05215	20
path:hsa05222	path:hsa05206	20
path:hsa04020	path:hsa05205	20
path:hsa04810	path:hsa05203	20
path:hsa04662	path:hsa05203	20
path:hsa04330	path:hsa05200	20
path:hsa04115	path:hsa05165	20
path:hsa04068	path:hsa04922	20
path:hsa00010	path:hsa04922	20
path:hsa04810	path:hsa04919	20
path:hsa04727	path:hsa04915	20
path:hsa04620	path:hsa04659	20
path:hsa04064	path:hsa04657	20
path:hsa04630	path:hsa04550	20
path:hsa04010	path:hsa04371	20
path:hsa04066	path:hsa04370	20
path:hsa04210	path:hsa04115	20
path:hsa04144	path:hsa04072	20
path:hsa04630	path:hsa04062	20
path:hsa00340	path:hsa01100	20
path:hsa00310	path:hsa01100	20
path:hsa00053	path:hsa00040	20
path:hsa05164	path:hsa05416	19
path:hsa04650	path:hsa05332	19
path:hsa04514	path:hsa05322	19
path:hsa04520	path:hsa05226	19
path:hsa03050	path:hsa05169	19
path:hsa04064	path:hsa05167	19
path:hsa04630	path:hsa05145	19
path:hsa04510	path:hsa05131	19
path:hsa04630	path:hsa04933	19
path:hsa04910	path:hsa04923	19
path:hsa04918	path:hsa04919	19
path:hsa04020	path:hsa04919	19
path:hsa04010	path:hsa04919	19
path:hsa04150	path:hsa04810	19
path:hsa04024	path:hsa04740	19
path:hsa04210	path:hsa04657	19
path:hsa05212	path:hsa04630	19
path:hsa04630	path:hsa04622	19
path:hsa04310	path:hsa04520	19
path:hsa04110	path:hsa04120	19
path:hsa04010	path:hsa04114	19
path:hsa05212	path:hsa04110	19
path:hsa00071	path:hsa03320	19
path:hsa03008	path:hsa03010	19
path:hsa00531	path:hsa01100	19
path:hsa04010	path:hsa05219	18
path:hsa04115	path:hsa05203	18
path:hsa04340	path:hsa05200	18
path:hsa04115	path:hsa05166	18
path:hsa05130	path:hsa05131	18
path:hsa04010	path:hsa05131	18
path:hsa04010	path:hsa05034	18
path:hsa04010	path:hsa05014	18
path:hsa04928	path:hsa04961	18
path:hsa04930	path:hsa04932	18
path:hsa03320	path:hsa04920	18
path:hsa04310	path:hsa04919	18
path:hsa00590	path:hsa04726	18
path:hsa04064	path:hsa04660	18
path:hsa04010	path:hsa04622	18
path:hsa04140	path:hsa04621	18
path:hsa04520	path:hsa04390	18
path:hsa04151	path:hsa04115	18
path:hsa04120	path:hsa04114	18
path:hsa00561	path:hsa04072	18
path:hsa04012	path:hsa05219	17
path:hsa04520	path:hsa05205	17
path:hsa04662	path:hsa05162	17
path:hsa04620	path:hsa05146	17
path:hsa04810	path:hsa05130	17
path:hsa04020	path:hsa04730	17
path:hsa04210	path:hsa04630	17
path:hsa04310	path:hsa04510	17
path:hsa04150	path:hsa04371	17
path:hsa04110	path:hsa04350	17
path:hsa04024	path:hsa04260	17
path:hsa01524	path:hsa04115	17
path:hsa00670	path:hsa01100	17
path:hsa00640	path:hsa00280	17
path:hsa04612	path:hsa05322	16
path:hsa04610	path:hsa05322	16
path:hsa04612	path:hsa05321	16
path:hsa04514	path:hsa05310	16
path:hsa00010	path:hsa05230	16
path:hsa05202	path:hsa05216	16
path:hsa05100	path:hsa05132	16
path:hsa04530	path:hsa05132	16
path:hsa04020	path:hsa05016	16
path:hsa04110	path:hsa04934	16
path:hsa04010	path:hsa04916	16
path:hsa04020	path:hsa04742	16
path:hsa04010	path:hsa04713	16
path:hsa04064	path:hsa04662	16
path:hsa04210	path:hsa04622	16
path:hsa04064	path:hsa04622	16
path:hsa04010	path:hsa04520	16
path:hsa04152	path:hsa04371	16
path:hsa04210	path:hsa04141	16
path:hsa00730	path:hsa01100	16
path:hsa00100	path:hsa01100	16
path:hsa04620	path:hsa05323	15
path:hsa04612	path:hsa05310	15
path:hsa04110	path:hsa05215	15
path:hsa03022	path:hsa05203	15
path:hsa04350	path:hsa05166	15
path:hsa04115	path:hsa05161	15
path:hsa04350	path:hsa05142	15
path:hsa04620	path:hsa05134	15
path:hsa04610	path:hsa05133	15
path:hsa04724	path:hsa05033	15
path:hsa04210	path:hsa05014	15
path:hsa04972	path:hsa04975	15
path:hsa04010	path:hsa04920	15
path:hsa01522	path:hsa04913	15
path:hsa04070	path:hsa04910	15
path:hsa04514	path:hsa04659	15
path:hsa04514	path:hsa04658	15
path:hsa04010	path:hsa04630	15
path:hsa04142	path:hsa04145	15
path:hsa04144	path:hsa04014	15
path:hsa03440	path:hsa03460	15
path:hsa00770	path:hsa01100	15
path:hsa00604	path:hsa01100	15
path:hsa00603	path:hsa01100	15
path:hsa00534	path:hsa01100	15
path:hsa00360	path:hsa01100	15
path:hsa00350	path:hsa00360	15
path:hsa04064	path:hsa05418	14
path:hsa04350	path:hsa05226	14
path:hsa04330	path:hsa05224	14
path:hsa04110	path:hsa05224	14
path:hsa04115	path:hsa05218	14
path:hsa04110	path:hsa05218	14
path:hsa04010	path:hsa05216	14
path:hsa04115	path:hsa05210	14
path:hsa04110	path:hsa05210	14
path:hsa04612	path:hsa05170	14
path:hsa04612	path:hsa05163	14
path:hsa04115	path:hsa05162	14
path:hsa03020	path:hsa05016	14
path:hsa00561	path:hsa04975	14
path:hsa04970	path:hsa04973	14
path:hsa04020	path:hsa04933	14
path:hsa04310	path:hsa04928	14
path:hsa05012	path:hsa04728	14
path:hsa04612	path:hsa04672	14
path:hsa04520	path:hsa04530	14
path:hsa05210	path:hsa04350	14
path:hsa05214	path:hsa04115	14
path:hsa05214	path:hsa04110	14
path:hsa04012	path:hsa01524	14
path:hsa00010	path:hsa00052	14
path:hsa04380	path:hsa05323	13
path:hsa04931	path:hsa05230	13
path:hsa04350	path:hsa05225	13
path:hsa04115	path:hsa05225	13
path:hsa04115	path:hsa05220	13
path:hsa04310	path:hsa05213	13
path:hsa04350	path:hsa05205	13
path:hsa04064	path:hsa05203	13
path:hsa04115	path:hsa05202	13
path:hsa04141	path:hsa05170	13
path:hsa04110	path:hsa05170	13
path:hsa04110	path:hsa05167	13
path:hsa04110	path:hsa05163	13
path:hsa04810	path:hsa05146	13
path:hsa04020	path:hsa05142	13
path:hsa04724	path:hsa05014	13
path:hsa04972	path:hsa04973	13
path:hsa04144	path:hsa04961	13
path:hsa04210	path:hsa04930	13
path:hsa04728	path:hsa04917	13
path:hsa04913	path:hsa04915	13
path:hsa00500	path:hsa04910	13
path:hsa00010	path:hsa04910	13
path:hsa04066	path:hsa04659	13
path:hsa04064	path:hsa04659	13
path:hsa04330	path:hsa04658	13
path:hsa05211	path:hsa04611	13
path:hsa04371	path:hsa04530	13
path:hsa05213	path:hsa04520	13
path:hsa04020	path:hsa04370	13
path:hsa04068	path:hsa04350	13
path:hsa04110	path:hsa04310	13
path:hsa04144	path:hsa04145	13
path:hsa00531	path:hsa04142	13
path:hsa00510	path:hsa04141	13
path:hsa05212	path:hsa04115	13
path:hsa05223	path:hsa04110	13
path:hsa04020	path:hsa04066	13
path:hsa04210	path:hsa04022	13
path:hsa04012	path:hsa04020	13
path:hsa03013	path:hsa03040	13
path:hsa00120	path:hsa01100	13
path:hsa00061	path:hsa01100	13
path:hsa00520	path:hsa00051	13
path:hsa00010	path:hsa00051	13
path:hsa05416	path:hsa05414	12
path:hsa04620	path:hsa05321	12
path:hsa04115	path:hsa05226	12
path:hsa04932	path:hsa05225	12
path:hsa04115	path:hsa05224	12
path:hsa04115	path:hsa05167	12
path:hsa04064	path:hsa05165	12
path:hsa03015	path:hsa05164	12
path:hsa03013	path:hsa05164	12
path:hsa04210	path:hsa05133	12
path:hsa04530	path:hsa05120	12
path:hsa04210	path:hsa05120	12
path:hsa04974	path:hsa04978	12
path:hsa04141	path:hsa04932	12
path:hsa04920	path:hsa04930	12
path:hsa04012	path:hsa04928	12
path:hsa04260	path:hsa04919	12
path:hsa00590	path:hsa04750	12
path:hsa04144	path:hsa04721	12
path:hsa04020	path:hsa04650	12
path:hsa04064	path:hsa04623	12
path:hsa05212	path:hsa04350	12
path:hsa03320	path:hsa04146	12
path:hsa05223	path:hsa04115	12
path:hsa01522	path:hsa04110	12
path:hsa03420	path:hsa03022	12
path:hsa00900	path:hsa01100	12
path:hsa00532	path:hsa01100	12
path:hsa00620	path:hsa00640	12
path:hsa00250	path:hsa00220	12
path:hsa04660	path:hsa05340	11
path:hsa04110	path:hsa05219	11
path:hsa04340	path:hsa05217	11
path:hsa04115	path:hsa05215	11
path:hsa03040	path:hsa05168	11
path:hsa04520	path:hsa05165	11
path:hsa04110	path:hsa05162	11
path:hsa04514	path:hsa05144	11
path:hsa04630	path:hsa05140	11
path:hsa04210	path:hsa05130	11
path:hsa04310	path:hsa05010	11
path:hsa04925	path:hsa04960	11
path:hsa04350	path:hsa04933	11
path:hsa00140	path:hsa04913	11
path:hsa04064	path:hsa04658	11
path:hsa04070	path:hsa04510	11
path:hsa00430	path:hsa01100	11
path:hsa00052	path:hsa00520	11
path:hsa00010	path:hsa00500	11
path:hsa00410	path:hsa00330	11
path:hsa00010	path:hsa00030	11
path:hsa00620	path:hsa00020	11
path:hsa04660	path:hsa05321	10
path:hsa04621	path:hsa05321	10
path:hsa04060	path:hsa05310	10
path:hsa04350	path:hsa05220	10
path:hsa04370	path:hsa05219	10
path:hsa04115	path:hsa05213	10
path:hsa04144	path:hsa05167	10
path:hsa04210	path:hsa05146	10
path:hsa04620	path:hsa05144	10
path:hsa04070	path:hsa05142	10
path:hsa04210	path:hsa05134	10
path:hsa04610	path:hsa05020	10
path:hsa04724	path:hsa05016	10
path:hsa04973	path:hsa04978	10
path:hsa04330	path:hsa04919	10
path:hsa04070	path:hsa04664	10
path:hsa04070	path:hsa04540	10
path:hsa04520	path:hsa04350	10
path:hsa04310	path:hsa04350	10
path:hsa00010	path:hsa04152	10
path:hsa00071	path:hsa04146	10
path:hsa04151	path:hsa04064	10
path:hsa00130	path:hsa01100	10
path:hsa00072	path:hsa00650	10
path:hsa04514	path:hsa05418	9
path:hsa04664	path:hsa05310	9
path:hsa04916	path:hsa05218	9
path:hsa04144	path:hsa05145	9
path:hsa04666	path:hsa05140	9
path:hsa04520	path:hsa05130	9
path:hsa04210	path:hsa05016	9
path:hsa04115	path:hsa05014	9
path:hsa04120	path:hsa05012	9
path:hsa04971	path:hsa04974	9
path:hsa04110	path:hsa04933	9
path:hsa04022	path:hsa04744	9
path:hsa04724	path:hsa04721	9
path:hsa04350	path:hsa04659	9
path:hsa00590	path:hsa04611	9
path:hsa04080	path:hsa04540	9
path:hsa04660	path:hsa04514	9
path:hsa04144	path:hsa04350	9
path:hsa04010	path:hsa04350	9
path:hsa01522	path:hsa04330	9
path:hsa00511	path:hsa04142	9
path:hsa04010	path:hsa04110	9
path:hsa04144	path:hsa04060	9
path:hsa03040	path:hsa03015	9
path:hsa00533	path:hsa01100	9
path:hsa00450	path:hsa01100	9
path:hsa00500	path:hsa00520	9
path:hsa00630	path:hsa00260	9
path:hsa00052	path:hsa00051	9
path:hsa04270	path:hsa05418	8
path:hsa04210	path:hsa05416	8
path:hsa04640	path:hsa05340	8
path:hsa04060	path:hsa05332	8
path:hsa04660	path:hsa05330	8
path:hsa04640	path:hsa05221	8
path:hsa04520	path:hsa05216	8
path:hsa04310	path:hsa05216	8
path:hsa04115	path:hsa05216	8
path:hsa04110	path:hsa05213	8
path:hsa04340	path:hsa05205	8
path:hsa04142	path:hsa05170	8
path:hsa04120	path:hsa05168	8
path:hsa04612	path:hsa05165	8
path:hsa04530	path:hsa05110	8
path:hsa04728	path:hsa05033	8
path:hsa04115	path:hsa05016	8
path:hsa04975	path:hsa04979	8
path:hsa00590	path:hsa04921	8
path:hsa00480	path:hsa04918	8
path:hsa04721	path:hsa04727	8
path:hsa04660	path:hsa04672	8
path:hsa04020	path:hsa04666	8
path:hsa00590	path:hsa04664	8
path:hsa04020	path:hsa04662	8
path:hsa00590	path:hsa04370	8
path:hsa05211	path:hsa04350	8
path:hsa04020	path:hsa04260	8
path:hsa04140	path:hsa04141	8
path:hsa04151	path:hsa04070	8
path:hsa03015	path:hsa03018	8
path:hsa00670	path:hsa01523	8
path:hsa00020	path:hsa01210	8
path:hsa00740	path:hsa01100	8
path:hsa00514	path:hsa01100	8
path:hsa00072	path:hsa01100	8
path:hsa00230	path:hsa00730	8
path:hsa00010	path:hsa00640	8
path:hsa00620	path:hsa00630	8
path:hsa00010	path:hsa00520	8
path:hsa00640	path:hsa00410	8
path:hsa04660	path:hsa05323	7
path:hsa04660	path:hsa05320	7
path:hsa04115	path:hsa05219	7
path:hsa04520	path:hsa05218	7
path:hsa04115	path:hsa05217	7
path:hsa04710	path:hsa05168	7
path:hsa04144	path:hsa05164	7
path:hsa04620	path:hsa05143	7
path:hsa04610	path:hsa05142	7
path:hsa04140	path:hsa05020	7
path:hsa04976	path:hsa04979	7
path:hsa04380	path:hsa04928	7
path:hsa04350	path:hsa04926	7
path:hsa04217	path:hsa04922	7
path:hsa04721	path:hsa04723	7
path:hsa04145	path:hsa04666	7
path:hsa04020	path:hsa04380	7
path:hsa04024	path:hsa04340	7
path:hsa04115	path:hsa04211	7
path:hsa03060	path:hsa04141	7
path:hsa04010	path:hsa04115	7
path:hsa04630	path:hsa04110	7
path:hsa01523	path:hsa04064	7
path:hsa05223	path:hsa04020	7
path:hsa00220	path:hsa01210	7
path:hsa00920	path:hsa01100	7
path:hsa00071	path:hsa00650	7
path:hsa00220	path:hsa00330	7
path:hsa00620	path:hsa00270	7
path:hsa00260	path:hsa00270	7
path:hsa00061	path:hsa00071	7
path:hsa00010	path:hsa00020	7
path:hsa04662	path:hsa05340	6
path:hsa04630	path:hsa05310	6
path:hsa04020	path:hsa05225	6
path:hsa04520	path:hsa05219	6
path:hsa04110	path:hsa05217	6
path:hsa03320	path:hsa05200	6
path:hsa04610	path:hsa05146	6
path:hsa04140	path:hsa05131	6
path:hsa04210	path:hsa05020	6
path:hsa04141	path:hsa05010	6
path:hsa04530	path:hsa04971	6
path:hsa04930	path:hsa04950	6
path:hsa00140	path:hsa04934	6
path:hsa00140	path:hsa04927	6
path:hsa00230	path:hsa04740	6
path:hsa00350	path:hsa04728	6
path:hsa00250	path:hsa04727	6
path:hsa04976	path:hsa04726	6
path:hsa04020	path:hsa04660	6
path:hsa04020	path:hsa04659	6
path:hsa04020	path:hsa04658	6
path:hsa04610	path:hsa04611	6
path:hsa04520	path:hsa04514	6
path:hsa04060	path:hsa04360	6
path:hsa04120	path:hsa04340	6
path:hsa04120	path:hsa04310	6
path:hsa00120	path:hsa04146	6
path:hsa04630	path:hsa04120	6
path:hsa04064	path:hsa04120	6
path:hsa03420	path:hsa04120	6
path:hsa03430	path:hsa03460	6
path:hsa00120	path:hsa03320	6
path:hsa00750	path:hsa01100	6
path:hsa00511	path:hsa01100	6
path:hsa00440	path:hsa01100	6
path:hsa00020	path:hsa00630	6
path:hsa00010	path:hsa00561	6
path:hsa00330	path:hsa00260	6
path:hsa00010	path:hsa00260	6
path:hsa04310	path:hsa05412	5
path:hsa04620	path:hsa05332	5
path:hsa04210	path:hsa05332	5
path:hsa04210	path:hsa05330	5
path:hsa04660	path:hsa05322	5
path:hsa04060	path:hsa05322	5
path:hsa04918	path:hsa05320	5
path:hsa04660	path:hsa05310	5
path:hsa04120	path:hsa05211	5
path:hsa05211	path:hsa05202	5
path:hsa04630	path:hsa05132	5
path:hsa03022	path:hsa05016	5
path:hsa04210	path:hsa05012	5
path:hsa04141	path:hsa05012	5
path:hsa04975	path:hsa04977	5
path:hsa04144	path:hsa04962	5
path:hsa04210	path:hsa04940	5
path:hsa00010	path:hsa04931	5
path:hsa00140	path:hsa04925	5
path:hsa00020	path:hsa04922	5
path:hsa04115	path:hsa04919	5
path:hsa04913	path:hsa04917	5
path:hsa04913	path:hsa04910	5
path:hsa04721	path:hsa04728	5
path:hsa04721	path:hsa04726	5
path:hsa00380	path:hsa04726	5
path:hsa04120	path:hsa04710	5
path:hsa04660	path:hsa04612	5
path:hsa04972	path:hsa04530	5
path:hsa04120	path:hsa04350	5
path:hsa04115	path:hsa04310	5
path:hsa00500	path:hsa04152	5
path:hsa00010	path:hsa04151	5
path:hsa04620	path:hsa04145	5
path:hsa04610	path:hsa04145	5
path:hsa04144	path:hsa04142	5
path:hsa04140	path:hsa04142	5
path:hsa04210	path:hsa04110	5
path:hsa04012	path:hsa04110	5
path:hsa00010	path:hsa04068	5
path:hsa04120	path:hsa04066	5
path:hsa04110	path:hsa01524	5
path:hsa00524	path:hsa01100	5
path:hsa00400	path:hsa01100	5
path:hsa00232	path:hsa01100	5
path:hsa00071	path:hsa00561	5
path:hsa00534	path:hsa00532	5
path:hsa00520	path:hsa00524	5
path:hsa00010	path:hsa00380	5
path:hsa00400	path:hsa00360	5
path:hsa00053	path:hsa00330	5
path:hsa00330	path:hsa00310	5
path:hsa00640	path:hsa00270	5
path:hsa00480	path:hsa00270	5
path:hsa00330	path:hsa00270	5
path:hsa00030	path:hsa00230	5
path:hsa00062	path:hsa00071	5
path:hsa00030	path:hsa00052	5
path:hsa04350	path:hsa05414	4
path:hsa04350	path:hsa05410	4
path:hsa04660	path:hsa05332	4
path:hsa04670	path:hsa05323	4
path:hsa04210	path:hsa05320	4
path:hsa00030	path:hsa05230	4
path:hsa00020	path:hsa05230	4
path:hsa03320	path:hsa05216	4
path:hsa03430	path:hsa05210	4
path:hsa04144	path:hsa05160	4
path:hsa04672	path:hsa05146	4
path:hsa04144	path:hsa05146	4
path:hsa04610	path:hsa05140	4
path:hsa04610	path:hsa05134	4
path:hsa04620	path:hsa05130	4
path:hsa04141	path:hsa05020	4
path:hsa04742	path:hsa04973	4
path:hsa04660	path:hsa04940	4
path:hsa03320	path:hsa04932	4
path:hsa04614	path:hsa04924	4
path:hsa04080	path:hsa04912	4
path:hsa00020	path:hsa04714	4
path:hsa04710	path:hsa04713	4
path:hsa04120	path:hsa04668	4
path:hsa03050	path:hsa04612	4
path:hsa04976	path:hsa04530	4
path:hsa04110	path:hsa04510	4
path:hsa00480	path:hsa04216	4
path:hsa01523	path:hsa04144	4
path:hsa04064	path:hsa04020	4
path:hsa01524	path:hsa03430	4
path:hsa00982	path:hsa01522	4
path:hsa00910	path:hsa01100	4
path:hsa00471	path:hsa01100	4
path:hsa00290	path:hsa01100	4
path:hsa00250	path:hsa00910	4
path:hsa00220	path:hsa00910	4
path:hsa00280	path:hsa00900	4
path:hsa00410	path:hsa00770	4
path:hsa00250	path:hsa00650	4
path:hsa00020	path:hsa00640	4
path:hsa00510	path:hsa00533	4
path:hsa00510	path:hsa00515	4
path:hsa00330	path:hsa00480	4
path:hsa00250	path:hsa00471	4
path:hsa00480	path:hsa00430	4
path:hsa00350	path:hsa00400	4
path:hsa00010	path:hsa00360	4
path:hsa00270	path:hsa00290	4
path:hsa00250	path:hsa00270	4
path:hsa00250	path:hsa00230	4
path:hsa04660	path:hsa05416	3
path:hsa00260	path:hsa05230	3
path:hsa04110	path:hsa05221	3
path:hsa04120	path:hsa05162	3
path:hsa03320	path:hsa05160	3
path:hsa00330	path:hsa05146	3
path:hsa04210	path:hsa05143	3
path:hsa04020	path:hsa05140	3
path:hsa04512	path:hsa05100	3
path:hsa05012	path:hsa05020	3
path:hsa00100	path:hsa04979	3
path:hsa00860	path:hsa04978	3
path:hsa00120	path:hsa04976	3
path:hsa04976	path:hsa04975	3
path:hsa04530	path:hsa04970	3
path:hsa00020	path:hsa04964	3
path:hsa04530	path:hsa04962	3
path:hsa04530	path:hsa04961	3
path:hsa04910	path:hsa04950	3
path:hsa04141	path:hsa04930	3
path:hsa04064	path:hsa04926	3
path:hsa00590	path:hsa04923	3
path:hsa04530	path:hsa04918	3
path:hsa04911	path:hsa04917	3
path:hsa00350	path:hsa04916	3
path:hsa00061	path:hsa04910	3
path:hsa04721	path:hsa04725	3
path:hsa04670	path:hsa04672	3
path:hsa04120	path:hsa04390	3
path:hsa04210	path:hsa04350	3
path:hsa00250	path:hsa04217	3
path:hsa04110	path:hsa04152	3
path:hsa00061	path:hsa04152	3
path:hsa04071	path:hsa04142	3
path:hsa04144	path:hsa04070	3
path:hsa04010	path:hsa04070	3
path:hsa00020	path:hsa04066	3
path:hsa04210	path:hsa04020	3
path:hsa00785	path:hsa01100	3
path:hsa00780	path:hsa01100	3
path:hsa00010	path:hsa00630	3
path:hsa00511	path:hsa00604	3
path:hsa00040	path:hsa00561	3
path:hsa00250	path:hsa00410	3
path:hsa00240	path:hsa00410	3
path:hsa00250	path:hsa00330	3
path:hsa00020	path:hsa00310	3
path:hsa00620	path:hsa00260	3
path:hsa00040	path:hsa00052	3
path:hsa04512	path:hsa05416	2
path:hsa04260	path:hsa05416	2
path:hsa04110	path:hsa05416	2
path:hsa04670	path:hsa05322	2
path:hsa04630	path:hsa05322	2
path:hsa00471	path:hsa05230	2
path:hsa00250	path:hsa05230	2
path:hsa05120	path:hsa05226	2
path:hsa03440	path:hsa05224	2
path:hsa04350	path:hsa05217	2
path:hsa04142	path:hsa05203	2
path:hsa04020	path:hsa05169	2
path:hsa04610	path:hsa05168	2
path:hsa03013	path:hsa05166	2
path:hsa04662	path:hsa05150	2
path:hsa04612	path:hsa05146	2
path:hsa04610	path:hsa05144	2
path:hsa00380	path:hsa05143	2
path:hsa04110	path:hsa05131	2
path:hsa00120	path:hsa04979	2
path:hsa00010	path:hsa04964	2
path:hsa04960	path:hsa04934	2
path:hsa04614	path:hsa04933	2
path:hsa00520	path:hsa04931	2
path:hsa00561	path:hsa04923	2
path:hsa00061	path:hsa04922	2
path:hsa04110	path:hsa04921	2
path:hsa04610	path:hsa04750	2
path:hsa00564	path:hsa04725	2
path:hsa04120	path:hsa04722	2
path:hsa04120	path:hsa04622	2
path:hsa04610	path:hsa04514	2
path:hsa04064	path:hsa04211	2
path:hsa01040	path:hsa04152	2
path:hsa00900	path:hsa04146	2
path:hsa00830	path:hsa04146	2
path:hsa00270	path:hsa04122	2
path:hsa04120	path:hsa04068	2
path:hsa00020	path:hsa04068	2
path:hsa04520	path:hsa04060	2
path:hsa00071	path:hsa04024	2
path:hsa01524	path:hsa03420	2
path:hsa00230	path:hsa01523	2
path:hsa00290	path:hsa01210	2
path:hsa00270	path:hsa00920	2
path:hsa00260	path:hsa00860	2
path:hsa00230	path:hsa00740	2
path:hsa00790	path:hsa00670	2
path:hsa00620	path:hsa00650	2
path:hsa00010	path:hsa00562	2
path:hsa00040	path:hsa00520	2
path:hsa00533	path:hsa00512	2
path:hsa00280	path:hsa00290	2
path:hsa00260	path:hsa00290	2
path:hsa00770	path:hsa00270	2
path:hsa00250	path:hsa00260	2
path:hsa00630	path:hsa00250	2
path:hsa00620	path:hsa00072	2
path:hsa00071	path:hsa00072	2
path:hsa00630	path:hsa00071	2
path:hsa00620	path:hsa00061	2
path:hsa00030	path:hsa00040	2
path:hsa04540	path:hsa05412	1
path:hsa04630	path:hsa05410	1
path:hsa04614	path:hsa05410	1
path:hsa04662	path:hsa05330	1
path:hsa04370	path:hsa05323	1
path:hsa04662	path:hsa05322	1
path:hsa04662	path:hsa05320	1
path:hsa04662	path:hsa05310	1
path:hsa05204	path:hsa05222	1
path:hsa04060	path:hsa05215	1
path:hsa00140	path:hsa05215	1
path:hsa00020	path:hsa05211	1
path:hsa05215	path:hsa05204	1
path:hsa04610	path:hsa05167	1
path:hsa00900	path:hsa05164	1
path:hsa00590	path:hsa05163	1
path:hsa04660	path:hsa05150	1
path:hsa00590	path:hsa05145	1
path:hsa04210	path:hsa05144	1
path:hsa04610	path:hsa05143	1
path:hsa00330	path:hsa05142	1
path:hsa04120	path:hsa05140	1
path:hsa00590	path:hsa05140	1
path:hsa04110	path:hsa05100	1
path:hsa04330	path:hsa05020	1
path:hsa04144	path:hsa05020	1
path:hsa00350	path:hsa05012	1
path:hsa04976	path:hsa04977	1
path:hsa04972	path:hsa04977	1
path:hsa04144	path:hsa04976	1
path:hsa04530	path:hsa04973	1
path:hsa04530	path:hsa04960	1
path:hsa04120	path:hsa04960	1
path:hsa00140	path:hsa04960	1
path:hsa00020	path:hsa04934	1
path:hsa00514	path:hsa04931	1
path:hsa00061	path:hsa04931	1
path:hsa04614	path:hsa04925	1
path:hsa00010	path:hsa04919	1
path:hsa00350	path:hsa04918	1
path:hsa05211	path:hsa04911	1
path:hsa04144	path:hsa04727	1
path:hsa04662	path:hsa04672	1
path:hsa04610	path:hsa04662	1
path:hsa04120	path:hsa04660	1
path:hsa04120	path:hsa04620	1
path:hsa04270	path:hsa04614	1
path:hsa04913	path:hsa04350	1
path:hsa00561	path:hsa04150	1
path:hsa00565	path:hsa04146	1
path:hsa00564	path:hsa04146	1
path:hsa00230	path:hsa04146	1
path:hsa00790	path:hsa04122	1
path:hsa00730	path:hsa04122	1
path:hsa00072	path:hsa03320	1
path:hsa00472	path:hsa01100	1
path:hsa00630	path:hsa00910	1
path:hsa00740	path:hsa00860	1
path:hsa00400	path:hsa00790	1
path:hsa00061	path:hsa00780	1
path:hsa00600	path:hsa00604	1
path:hsa00600	path:hsa00603	1
path:hsa00562	path:hsa00564	1
path:hsa00510	path:hsa00563	1
path:hsa00053	path:hsa00520	1
path:hsa00270	path:hsa00430	1
path:hsa00130	path:hsa00400	1
path:hsa00760	path:hsa00380	1
path:hsa00400	path:hsa00380	1
path:hsa00280	path:hsa00360	1
path:hsa00250	path:hsa00340	1
path:hsa00630	path:hsa00330	1
path:hsa00020	path:hsa00280	1
path:hsa00640	path:hsa00260	1
path:hsa00020	path:hsa00260	1
path:hsa00250	path:hsa00240	1
path:hsa00230	path:hsa00232	1
path:hsa00100	path:hsa00140	1
path:hsa00500	path:hsa00040	1
path:hsa00010	path:hsa00040	1
